url,title,location,latitude,longitude,price,description,property_type,available_date,photo_count,first_photo_url,all_photos,contact_info,management_company,amenities,age,ages,any_pets,available,balcony_roof_terrace,bills_included,broadband_included,couples_allowed,deposit,deposit_room_1,deposit_room_2,deposit_room_3,deposit_room_4,disabled_access,furnishings,garage,garden_patio,gender,living_room,max_age,maximum_term,min_age,minimum_term,number_housemates,number_flatmates,occupation,parking,pets_allowed,price_pcm,references,room_type,smalloweding_allowed,smoker,total_number_rooms,vegetarian_vegan
https://www.spareroom.co.uk/flatshare/london/finsbury_park/17912019?utm_source=copy_link&utm_medium=social_share&utm_campaign=advert_share,5 Double Rooms Manor House- Parking,Finsbury Park,51.5767549,-0.1038943,£825 pcm,House shareFinsbury ParkN4Area infoManor House StationTube map5-10 minutes walk awayView on map£825 pcmdouble£900 pcmdouble£875 pcmdouble£900 pcmdouble£875 pcmdoubleAvailabilityAvailableNowMinimum termNoneMaximum termNoneExtra costDeposit(Room 1)£825.00Deposit(Room 2)£900.00Deposit(Room 3)£875.00Dep...,Room,now,10,https://photos2.spareroom.co.uk/images/flatshare/listings/large/97/01/97017033.jpg,"https://photos2.spareroom.co.uk/images/flatshare/listings/large/97/01/97017033.jpg, https://photos2.spareroom.co.uk/images/flatshare/listings/square/97/01/97017044.jpg, https://photos2.spareroom.co.uk/images/flatshare/listings/square/97/01/97017032.jpg, https://photos2.spareroom.co.uk/images/flatshare/listings/square/97/01/97017034.jpg, https://photos2.spareroom.co.uk/images/flatshare/listings/square/97/01/97017035.jpg, https://photos2.spareroom.co.uk/images/flatshare/listings/square/97/01/97017037.jpg, https://photos2.spareroom.co.uk/images/flatshare/listings/square/97/01/97017036.jpg, https://photos2.spareroom.co.uk/images/flatshare/listings/square/97/01/97017038.jpg, https://photos2.spareroom.co.uk/images/flatshare/listings/square/97/01/97017053.jpg, https://assets.spareroom.co.uk/images/spareroom/v4/search/list/TUBE_14x11.png",Free tocontact,N/A,Parking,,22 to 25,No,Now,No,Yes,Yes,Yes,,,,,,No,Furnished,No,Yes,"1 Female, 1 Male",No,,None,18,None,,,Available to all,Yes,No,£825 pcm,Yes,double,Yes,No,7,
https://www.spareroom.co.uk/flatshare/london/wandsworth_road/17917106?utm_source=copy_link&utm_medium=social_share&utm_campaign=advert_share,2 Amazing Rooms in Battersea!! Av. from September,Wandsworth Road,51.4710509,-0.1412682,"£1,083 pcm","Flat shareWandsworth RoadSW8Area infoWandsworth Road StationTube map0-5 minutes walk awayView on map£1,083 pcmdouble£1,083 pcmdoubleAvailabilityAvailable01 Sep 2025Minimum term12 monthsMaximum termNoneExtra costDeposit(Room 1)£1,083.00Deposit(Room 2)£1,083.00Bills included?SomeAmenitiesFurnishingsFu...",Room,N/A,10,https://photos2.spareroom.co.uk/images/flatshare/listings/large/97/03/97038664.jpg,"https://photos2.spareroom.co.uk/images/flatshare/listings/large/97/03/97038664.jpg, https://photos2.spareroom.co.uk/images/flatshare/listings/square/97/03/97038662.jpg, https://photos2.spareroom.co.uk/images/flatshare/listings/square/97/03/97038668.jpg, https://photos2.spareroom.co.uk/images/flatshare/listings/square/97/03/97038675.jpg, https://photos2.spareroom.co.uk/images/flatshare/listings/square/97/03/97038677.jpg, https://photos2.spareroom.co.uk/images/flatshare/listings/square/97/03/97038683.jpg, https://photos2.spareroom.co.uk/images/flatshare/listings/square/97/03/97038685.jpg, https://photos2.spareroom.co.uk/images/flatshare/listings/square/97/03/97038687.jpg, https://assets.spareroom.co.uk/images/spareroom/v4/search/list/LDNOG_14x11.png, https://assets.spareroom.co.uk/images/spareroom/v4/search/list/BR_14x11.png",Free tocontact,UK London Flat,Bills Included,,,No,1-Sep-25,No,Some,Yes,No,,,,,,No,Furnished,No,No,"1 Female, 1 Male",No,,None,,12 months,,,Available to all,No,No,"£1,083 pcm",Yes,double,No,No,3,
https://www.spareroom.co.uk/flatshare/london/canada_water/17890557?utm_source=copy_link&utm_medium=social_share&utm_campaign=advert_share,3 Bed 2 Bath on Rotherhithe Street SE16,Canada Water,51.5061388,-0.0352665,,"House
        to rentCanada WaterSE16Area infoCanada Water StationTube map10-15 minutes walk awayView on map£3,500 pcm(whole property)This ad is for a 3 bed house
        
          and is not available by the room.Why notbuddy up?Find potential buddy ups to share this property withFind out more ªSu...",Room,N/A,20,https://photos2.spareroom.co.uk/images/flatshare/listings/square/96/82/96821434.jpg,"https://photos2.spareroom.co.uk/images/flatshare/listings/square/96/82/96821434.jpg, https://photos2.spareroom.co.uk/images/flatshare/listings/square/96/82/96821398.jpg, https://photos2.spareroom.co.uk/images/flatshare/listings/square/96/82/96821399.jpg, https://photos2.spareroom.co.uk/images/flatshare/listings/square/96/82/96821403.jpg, https://photos2.spareroom.co.uk/images/flatshare/listings/square/96/82/96821401.jpg, https://photos2.spareroom.co.uk/images/flatshare/listings/square/96/82/96821405.jpg, https://photos2.spareroom.co.uk/images/flatshare/listings/square/96/82/96821421.jpg, https://photos2.spareroom.co.uk/images/flatshare/listings/square/96/82/96821420.jpg, https://photos2.spareroom.co.uk/images/flatshare/listings/square/96/82/96821432.jpg, https://photos2.spareroom.co.uk/images/flatshare/listings/square/96/82/96821453.jpg, https://photos2.spareroom.co.uk/images/flatshare/listings/square/96/82/96821433.jpg, https://photos2.spareroom.co.uk/images/flatshare/listings/square/96/82/96821435.jpg, https://photos2.spareroom.co.uk/images/flatshare/listings/square/96/82/96821464.jpg, https://photos2.spareroom.co.uk/images/flatshare/listings/square/96/82/96821465.jpg, https://photos2.spareroom.co.uk/images/flatshare/listings/square/96/82/96824355.jpg, https://photos2.spareroom.co.uk/images/flatshare/listings/square/97/15/97150683.jpg, https://photos2.spareroom.co.uk/images/flatshare/listings/square/95/42/95423385.jpg, https://photos2.spareroom.co.uk/images/flatshare/listings/square/69/74/69741784.jpg, https://assets.spareroom.co.uk/images/spareroom/v4/search/list/TUBE_14x11.png, https://assets.spareroom.co.uk/images/spareroom/v4/search/list/LDNOG_14x11.png",Free tocontact,JD Corp Management,N/A,,,,13-Sep-25,Yes,,,,,,,,,No,Furnished,No,No,,own,,None,,12 months,,,Available to all,Yes,Yes,,Yes,,Yes,,,
https://www.spareroom.co.uk/flatshare/london/mile_end/17925584?utm_source=copy_link&utm_medium=social_share&utm_campaign=advert_share,üÜïCo-Living|2 Rooms|Bills Inc. Safe Agency,Mile End,51.52919728,-0.027889937,"£1,030 pcm","Flat shareMile EndE3Area infoBow Road StationTube map0-5 minutes walk awayView on map£1,030 pcmdouble£978 pcmdoubleAvailabilityAvailableNowMinimum termNoneMaximum termNoneExtra costDeposit(Room 1)£0.00Deposit(Room 2)£0.00Bills included?YesAmenitiesFurnishingsFurnishedParkingNoGarageNoGarden/patioYes...",Room,now,10,https://photos2.spareroom.co.uk/images/flatshare/listings/square/97/10/97108004.jpg,"https://photos2.spareroom.co.uk/images/flatshare/listings/square/97/10/97108004.jpg, https://photos2.spareroom.co.uk/images/flatshare/listings/square/97/10/97108003.jpg, https://photos2.spareroom.co.uk/images/flatshare/listings/square/97/10/97107997.jpg, https://photos2.spareroom.co.uk/images/flatshare/listings/square/97/10/97107995.jpg, https://photos2.spareroom.co.uk/images/flatshare/listings/square/97/10/97107996.jpg, https://photos2.spareroom.co.uk/images/flatshare/listings/square/97/10/97107998.jpg, https://photos2.spareroom.co.uk/images/flatshare/listings/square/97/10/97107999.jpg, https://photos2.spareroom.co.uk/images/flatshare/listings/square/97/10/97108000.jpg, https://photos2.spareroom.co.uk/images/flatshare/listings/square/82/15/82155690.jpg, https://assets.spareroom.co.uk/images/spareroom/v4/search/list/TUBE_14x11.png",Free tocontact,Pisoria Ltd,"Parking, Garden, Bills Included, Furnished",,,No,Now,Yes,Yes,Yes,No,,,,,,No,Furnished,No,Yes,"1 Female, 1 Male",shared,,None,,None,,,Available to all,No,No,"£1,030 pcm",No,double,Yes,No,4,
https://www.spareroom.co.uk/flatshare/london/north_kensington/17678865?utm_source=copy_link&utm_medium=social_share&utm_campaign=advert_share,Double Bedsit North Kensington W10 (Yarr),North Kensington,51.5224454,-0.2245203,£850 pcm,Flat shareNorth KensingtonW10Area infoLadbroke Grove StationTube map15-20 minutes walk awayView on map£850 pcmdoubleAvailabilityAvailableNowMinimum term6 monthsMaximum termNoneExtra costDeposit£850.00Bills included?SomeAmenitiesFurnishingsFurnishedParkingNoGarageNoGarden/patioNoBalcony/roof terraceY...,Flat,now,3,https://photos2.spareroom.co.uk/images/flatshare/listings/large/95/02/95021099.jpg,"https://photos2.spareroom.co.uk/images/flatshare/listings/large/95/02/95021099.jpg, https://photos2.spareroom.co.uk/images/flatshare/listings/square/95/02/95021100.jpg, https://assets.spareroom.co.uk/images/spareroom/v4/search/list/TUBE_14x11.png",Free tocontact,North Kensington Property Consultants,"Parking, Garden, Balcony, Bills Included, Furnished",,,No,Now,Yes,Some,Yes,No,£850.00,,,,,No,Furnished,No,No,Male,No,,None,,6 months,,,Available to all,No,No,£850 pcm,Yes,double,Yes,No,2,
https://www.spareroom.co.uk/flatshare/london/stratford/16971312?utm_source=copy_link&utm_medium=social_share&utm_campaign=advert_share,ú® Cosy Room in Stratford From September ú®,Stratford,51.5422313,0.0153501,£850 pcm,House shareStratfordE15Area infoMaryland StationTube map10-15 minutes walk awayView on map£850 pcmdoubleAvailabilityAvailable01 Sep 2025Minimum term7 monthsMaximum termNoneExtra costDeposit£850.00Bills included?YesAmenitiesFurnishingsFurnishedParkingNoGarageNoGarden/patioYesBalcony/roof terraceNoDis...,Room,N/A,8,https://photos2.spareroom.co.uk/images/flatshare/listings/square/89/49/89499635.jpg,"https://photos2.spareroom.co.uk/images/flatshare/listings/square/89/49/89499635.jpg, https://photos2.spareroom.co.uk/images/flatshare/listings/square/89/49/89499636.jpg, https://photos2.spareroom.co.uk/images/flatshare/listings/square/89/49/89499637.jpg, https://photos2.spareroom.co.uk/images/flatshare/listings/square/89/49/89499647.jpg, https://photos2.spareroom.co.uk/images/flatshare/listings/square/89/49/89499648.jpg, https://photos2.spareroom.co.uk/images/flatshare/listings/square/89/49/89499649.jpg, https://photos2.spareroom.co.uk/images/flatshare/listings/square/95/09/95099242.jpg, https://assets.spareroom.co.uk/images/spareroom/v4/search/list/BR_14x11.png",Free tocontact,Banksia Limited,"Parking, Garden, Balcony, Bills Included, Furnished",,22 to 35,No,1-Sep-25,No,Yes,Yes,No,£850.00,,,,,No,Furnished,No,Yes,"1 Female, 3 Males",No,39,None,18,7 months,,,Available to all,No,No,£850 pcm,Yes,double,Yes,No,5,
https://www.spareroom.co.uk/flatshare/greater_london/ilford/17933000?utm_source=copy_link&utm_medium=social_share&utm_campaign=advert_share,üè° Lovely Ensuite Room in Newbury Park ú®,N/A,51.5744522,0.0958892,"£1,100 pcm","House shareIlfordIG3Area infoNewbury Park StationTube map5-10 minutes walk awayView on map£1,100 pcmdouble En suiteAvailabilityAvailable01 Sep 2025Minimum term7 monthsMaximum termNoneExtra costDeposit£1,100.00Bills included?YesAmenitiesFurnishingsFurnishedParkingNoGarageNoGarden/patioYesBalcony/roof...",Room,N/A,10,https://photos2.spareroom.co.uk/images/flatshare/listings/large/97/16/97168615.jpg,"https://photos2.spareroom.co.uk/images/flatshare/listings/large/97/16/97168615.jpg, https://photos2.spareroom.co.uk/images/flatshare/listings/square/97/16/97168616.jpg, https://photos2.spareroom.co.uk/images/flatshare/listings/square/97/16/97168617.jpg, https://photos2.spareroom.co.uk/images/flatshare/listings/square/97/16/97168614.jpg, https://photos2.spareroom.co.uk/images/flatshare/listings/square/97/16/97168612.jpg, https://photos2.spareroom.co.uk/images/flatshare/listings/square/97/16/97168613.jpg, https://photos2.spareroom.co.uk/images/flatshare/listings/square/97/16/97168610.jpg, https://photos2.spareroom.co.uk/images/flatshare/listings/square/97/16/97168611.jpg, https://photos2.spareroom.co.uk/images/flatshare/listings/square/95/09/95099242.jpg, https://assets.spareroom.co.uk/images/spareroom/v4/search/list/TUBE_14x11.png",Free tocontact,Banksia Limited,"Parking, Garden, Balcony, Ensuite, Bills Included, Furnished",,20 to 35,No,1-Sep-25,No,Yes,Yes,No,"£1,100.00",,,,,No,Furnished,No,Yes,"1 Female, 3 Males",No,39,None,18,7 months,,,Available to all,No,No,"£1,100 pcm",Yes,double En suite,Yes,No,5,
https://www.spareroom.co.uk/flatshare/london/manor_house/17903867?utm_source=copy_link&utm_medium=social_share&utm_campaign=advert_share,Huge Ensuite Room In Manor House- Zone 2,Manor House,51.5781389,-0.0971833,"£1,000 pcm","House shareManor HouseN4Area infoManor House StationTube map0-5 minutes walk awayView on map£1,000 pcmdouble En suiteAvailabilityAvailableNowMinimum term11 monthsMaximum termNoneShort lets consideredExtra costDeposit£1,000.00Bills included?YesAmenitiesFurnishingsFurnishedParkingYesGarageNoGarden/pat...",Room,now,10,https://photos2.spareroom.co.uk/images/flatshare/listings/large/97/19/97199879.jpg,"https://photos2.spareroom.co.uk/images/flatshare/listings/large/97/19/97199879.jpg, https://photos2.spareroom.co.uk/images/flatshare/listings/square/97/01/97017008.jpg, https://photos2.spareroom.co.uk/images/flatshare/listings/square/97/01/97017010.jpg, https://photos2.spareroom.co.uk/images/flatshare/listings/square/97/19/97199880.jpg, https://photos2.spareroom.co.uk/images/flatshare/listings/square/97/19/97199882.jpg, https://photos2.spareroom.co.uk/images/flatshare/listings/square/97/19/97199883.jpg, https://photos2.spareroom.co.uk/images/flatshare/listings/square/97/19/97199886.jpg, https://photos2.spareroom.co.uk/images/flatshare/listings/square/97/19/97199887.jpg, https://photos2.spareroom.co.uk/images/flatshare/listings/square/83/07/83075185.jpg, https://assets.spareroom.co.uk/images/spareroom/v4/search/list/TUBE_14x11.png",Free tocontact,COME TO LONDON LIMITED,"Parking, Garden, Ensuite, Bills Included, Furnished",,,No,Now,No,Yes,Yes,Yes,"£1,000.00",,,,,No,Furnished,No,Yes,"4 Females, 2 Males",shared,,None,18,11 months,,,Available to all,Yes,No,"£1,000 pcm",No,double En suite,Yes,No,6,
https://www.spareroom.co.uk/flatshare/london/manor_house/17934157?utm_source=copy_link&utm_medium=social_share&utm_campaign=advert_share,5 Double Rooms Manor House- Zone 2,Manor House,51.5785763,-0.1003114,£800 pcm,House shareManor HouseN4Area infoManor House StationTube map5-10 minutes walk awayView on map£800 pcmdouble£850 pcmdouble£825 pcmdouble£900 pcmdouble£875 pcmdoubleAvailabilityAvailableNowMinimum termNoneMaximum termNoneExtra costDeposit(Room 1)£800.00Deposit(Room 2)£850.00Deposit(Room 3)£825.00Depos...,Room,now,11,https://photos2.spareroom.co.uk/images/flatshare/listings/large/97/17/97178103.jpg,"https://photos2.spareroom.co.uk/images/flatshare/listings/large/97/17/97178103.jpg, https://photos2.spareroom.co.uk/images/flatshare/listings/square/97/17/97178092.jpg, https://photos2.spareroom.co.uk/images/flatshare/listings/square/97/17/97178094.jpg, https://photos2.spareroom.co.uk/images/flatshare/listings/square/97/17/97178102.jpg, https://photos2.spareroom.co.uk/images/flatshare/listings/square/97/17/97178106.jpg, https://photos2.spareroom.co.uk/images/flatshare/listings/square/97/17/97178105.jpg, https://photos2.spareroom.co.uk/images/flatshare/listings/square/97/17/97178107.jpg, https://photos2.spareroom.co.uk/images/flatshare/listings/square/97/17/97178141.jpg, https://photos2.spareroom.co.uk/images/flatshare/listings/square/97/17/97178142.jpg, https://photos2.spareroom.co.uk/images/flatshare/listings/square/83/07/83075185.jpg, https://assets.spareroom.co.uk/images/spareroom/v4/search/list/TUBE_14x11.png",Free tocontact,COME TO LONDON LIMITED,N/A,,,No,Now,No,Yes,Yes,Yes,,,,,,No,Furnished,No,Yes,Male,No,,None,,None,,,Available to all,No,No,£800 pcm,Yes,double,Yes,No,6,
https://www.spareroom.co.uk/flatshare/london/seven_sisters/16754935?utm_source=copy_link&utm_medium=social_share&utm_campaign=advert_share,Double Room In Seven Sisters Station,Seven Sisters,51.5829119,-0.086045449,£850 pcm,Flat shareSeven SistersN15Area infoSeven Sisters StationTube map5-10 minutes walk awayView on map£850 pcmdoubleAvailabilityAvailableNowMinimum term2 monthsMaximum termNoneExtra costDeposit£850.00Bills included?YesAmenitiesFurnishingsFurnishedParkingNoGarageNoGarden/patioYesBalcony/roof terraceYesDis...,Room,now,11,https://photos2.spareroom.co.uk/images/flatshare/listings/large/96/73/96734720.jpg,"https://photos2.spareroom.co.uk/images/flatshare/listings/large/96/73/96734720.jpg, https://photos2.spareroom.co.uk/images/flatshare/listings/square/88/11/88118925.jpg, https://photos2.spareroom.co.uk/images/flatshare/listings/square/88/11/88118928.jpg, https://photos2.spareroom.co.uk/images/flatshare/listings/square/88/11/88118926.jpg, https://photos2.spareroom.co.uk/images/flatshare/listings/square/88/11/88118927.jpg, https://photos2.spareroom.co.uk/images/flatshare/listings/square/96/73/96734723.jpg, https://photos2.spareroom.co.uk/images/flatshare/listings/square/96/73/96734724.jpg, https://photos2.spareroom.co.uk/images/flatshare/listings/square/96/73/96734729.jpg, https://photos2.spareroom.co.uk/images/flatshare/listings/square/83/07/83075185.jpg, https://assets.spareroom.co.uk/images/spareroom/v4/search/list/TUBE_14x11.png, https://assets.spareroom.co.uk/images/spareroom/v4/search/list/BR_14x11.png",Free tocontact,COME TO LONDON LIMITED,"Parking, Garden, Balcony, Bills Included, Furnished",,25 to 34,No,Now,Yes,Yes,Yes,Yes,£850.00,,,,,No,Furnished,No,Yes,3 Males,shared,,None,18,2 months,,,Available to all,No,No,£850 pcm,No,double,Yes,No,5,
https://www.spareroom.co.uk/flatshare/london/clapham_junction/17935641?utm_source=copy_link&utm_medium=social_share&utm_campaign=advert_share,"Stunning 3-bed FLAT, 5 min From the Station!!!",Clapham Junction,51.4668451,-0.1706085,,"Flat
        
        to rentClapham JunctionSW11Area infoClapham Junction StationTube map0-5 minutes walk awayView on map£3,300 pcm(whole property)This ad is for a 3 bed flat
        
          and is not available by the room.Why notbuddy up?Find potential buddy ups to share this property withFind...",Room,N/A,24,https://photos2.spareroom.co.uk/images/flatshare/listings/large/97/19/97190061.jpg,"https://photos2.spareroom.co.uk/images/flatshare/listings/large/97/19/97190061.jpg, https://photos2.spareroom.co.uk/images/flatshare/listings/square/97/19/97190069.jpg, https://photos2.spareroom.co.uk/images/flatshare/listings/square/97/19/97190070.jpg, https://photos2.spareroom.co.uk/images/flatshare/listings/square/97/19/97190064.jpg, https://photos2.spareroom.co.uk/images/flatshare/listings/square/97/19/97190067.jpg, https://photos2.spareroom.co.uk/images/flatshare/listings/square/97/19/97190103.jpg, https://photos2.spareroom.co.uk/images/flatshare/listings/square/97/19/97190066.jpg, https://photos2.spareroom.co.uk/images/flatshare/listings/square/97/19/97190068.jpg, https://photos2.spareroom.co.uk/images/flatshare/listings/square/97/19/97190062.jpg, https://photos2.spareroom.co.uk/images/flatshare/listings/square/97/19/97190102.jpg, https://photos2.spareroom.co.uk/images/flatshare/listings/square/97/19/97190063.jpg, https://photos2.spareroom.co.uk/images/flatshare/listings/square/96/98/96987188.jpg, https://photos2.spareroom.co.uk/images/flatshare/listings/square/97/09/97096508.jpg, https://photos2.spareroom.co.uk/images/flatshare/listings/square/92/10/92106080.jpg, https://photos2.spareroom.co.uk/images/flatshare/listings/square/96/88/96889087.jpg, https://photos2.spareroom.co.uk/images/flatshare/listings/square/96/65/96658385.jpg, https://photos2.spareroom.co.uk/images/flatshare/listings/square/97/02/97024762.jpg, https://photos2.spareroom.co.uk/images/flatshare/listings/square/97/20/97202927.jpg, https://photos2.spareroom.co.uk/images/flatshare/listings/square/97/20/97200441.jpg, https://photos2.spareroom.co.uk/images/flatshare/listings/square/96/92/96920408.jpg, https://photos2.spareroom.co.uk/images/flatshare/listings/square/97/19/97192110.jpg, https://assets.spareroom.co.uk/img/spareroom/v4/icons/profilepic_unisex.gif, https://assets.spareroom.co.uk/images/spareroom/v4/search/list/LDNOG_14x11.png, https://assets.spareroom.co.uk/images/spareroom/v4/search/list/BR_14x11.png",Free tocontact,UK London Flat,N/A,,,,1-Oct-25,No,,,,,,,,,No,Furnished,No,No,,own,,None,,12 months,,,Available to all,No,No,,Yes,,No,,,
https://www.spareroom.co.uk/flatshare/london/battersea_park/17723035?utm_source=copy_link&utm_medium=social_share&utm_campaign=advert_share,Double room in a 3-bed Flat in Battersea Park!,Battersea Park,51.4733384,-0.1540054,"£1,083 pcm","Flat shareBattersea parkSW11Area infoBattersea Park StationTube map5-10 minutes walk awayView on map£1,083 pcmdoubleAvailabilityAvailable01 Sep 2025Minimum term12 monthsMaximum termNoneExtra costDeposit£1,083.00Bills included?SomeAmenitiesFurnishingsFurnishedParkingNoGarageNoGarden/patioNoBalcony/ro...",Room,N/A,8,https://photos2.spareroom.co.uk/images/flatshare/listings/large/95/40/95404509.jpg,"https://photos2.spareroom.co.uk/images/flatshare/listings/large/95/40/95404509.jpg, https://photos2.spareroom.co.uk/images/flatshare/listings/square/95/40/95404510.jpg, https://photos2.spareroom.co.uk/images/flatshare/listings/square/95/40/95404516.jpg, https://photos2.spareroom.co.uk/images/flatshare/listings/square/95/40/95404513.jpg, https://photos2.spareroom.co.uk/images/flatshare/listings/square/95/40/95404519.jpg, https://photos2.spareroom.co.uk/images/flatshare/listings/square/95/40/95404530.jpg, https://photos2.spareroom.co.uk/images/flatshare/listings/square/95/40/95404529.jpg, https://assets.spareroom.co.uk/images/spareroom/v4/search/list/BR_14x11.png",Free tocontact,UK London Flat,"Parking, Garden, Balcony, Bills Included, Furnished",,,No,1-Sep-25,No,Some,Yes,Yes,"£1,083.00",,,,,No,Furnished,No,No,"1 Female, 1 Male",No,,None,,12 months,,,Available to all,No,No,"£1,083 pcm",Yes,double,No,No,3,
https://www.spareroom.co.uk/flatshare/london/battersea_park/17914842?utm_source=copy_link&utm_medium=social_share&utm_campaign=advert_share,2 nice rooms in Battersea Park from Sept. 1st!!!!,Battersea Park,51.4752704,-0.1493482,£910 pcm,Flat shareBattersea parkSW11Area infoBattersea Park StationTube map0-5 minutes walk awayView on map£910 pcmdouble£910 pcmdoubleAvailabilityAvailable01 Sep 2025Minimum term12 monthsMaximum termNoneExtra costDeposit(Room 1)£910.00Deposit(Room 2)£910.00Bills included?SomeAmenitiesFurnishingsFurnishedPa...,Room,N/A,11,https://photos2.spareroom.co.uk/images/flatshare/listings/large/97/02/97020359.jpg,"https://photos2.spareroom.co.uk/images/flatshare/listings/large/97/02/97020359.jpg, https://photos2.spareroom.co.uk/images/flatshare/listings/square/97/02/97020360.jpg, https://photos2.spareroom.co.uk/images/flatshare/listings/square/97/02/97020361.jpg, https://photos2.spareroom.co.uk/images/flatshare/listings/square/97/02/97020368.jpg, https://photos2.spareroom.co.uk/images/flatshare/listings/square/97/02/97020375.jpg, https://photos2.spareroom.co.uk/images/flatshare/listings/square/97/02/97020376.jpg, https://photos2.spareroom.co.uk/images/flatshare/listings/square/97/02/97020378.jpg, https://photos2.spareroom.co.uk/images/flatshare/listings/square/97/02/97020380.jpg, https://photos2.spareroom.co.uk/images/flatshare/listings/square/97/02/97020381.jpg, https://photos2.spareroom.co.uk/images/flatshare/listings/square/97/02/97020382.jpg, https://assets.spareroom.co.uk/images/spareroom/v4/search/list/BR_14x11.png",Free tocontact,UK London Flat,"Bills Included, Furnished",,,No,1-Sep-25,No,Some,Yes,No,,,,,,No,Furnished,No,No,"1 Female, 1 Male",No,,None,,12 months,,,Available to all,No,No,£910 pcm,Yes,double,Yes,No,3,
https://www.spareroom.co.uk/flatshare/london/paddington/17911623?utm_source=copy_link&utm_medium=social_share&utm_campaign=advert_share,Amazing room in Paddington!!!Av. from September,Paddington,51.5210331,-0.1797389,"£1,126 pcm","Flat sharePaddingtonW2Area infoPaddington StationTube map5-10 minutes walk awayView on map£1,126 pcmdoubleAvailabilityAvailable01 Sep 2025Minimum term12 monthsMaximum termNoneExtra costDeposit£1,126.00Bills included?SomeAmenitiesFurnishingsFurnishedParkingNoGarageNoGarden/patioNoBalcony/roof terrace...",Room,N/A,10,https://photos2.spareroom.co.uk/images/flatshare/listings/large/96/99/96994472.jpg,"https://photos2.spareroom.co.uk/images/flatshare/listings/large/96/99/96994472.jpg, https://photos2.spareroom.co.uk/images/flatshare/listings/square/96/99/96994473.jpg, https://photos2.spareroom.co.uk/images/flatshare/listings/square/96/99/96994474.jpg, https://photos2.spareroom.co.uk/images/flatshare/listings/square/96/99/96994481.jpg, https://photos2.spareroom.co.uk/images/flatshare/listings/square/96/99/96994482.jpg, https://photos2.spareroom.co.uk/images/flatshare/listings/square/96/99/96994484.jpg, https://photos2.spareroom.co.uk/images/flatshare/listings/square/96/99/96994487.jpg, https://photos2.spareroom.co.uk/images/flatshare/listings/square/96/99/96994488.jpg, https://assets.spareroom.co.uk/images/spareroom/v4/search/list/TUBE_14x11.png, https://assets.spareroom.co.uk/images/spareroom/v4/search/list/BR_14x11.png",Free tocontact,UK London Flat,"Parking, Garden, Balcony, Bills Included, Furnished",,,No,1-Sep-25,No,Some,Yes,No,"£1,126.00",,,,,No,Furnished,No,No,2 Males,shared,,None,,12 months,,,Available to all,No,No,"£1,126 pcm",Yes,double,No,No,3,
https://www.spareroom.co.uk/flatshare/london/clapham_junction/16469076?utm_source=copy_link&utm_medium=social_share&utm_campaign=advert_share,Discover Your Perfect Clapham Junction Home,Clapham Junction,51.46820523,-0.167952306,£910 pcm,Flat shareClapham JunctionSW11Area infoClapham Junction StationTube map0-5 minutes walk awayView on map£910 pcmdoubleAvailabilityAvailable01 Sep 2025Minimum term12 monthsMaximum termNoneExtra costDeposit£910.00Bills included?SomeAmenitiesFurnishingsFurnishedParkingNoGarageNoGarden/patioNoBalcony/roo...,Flat,N/A,8,https://photos2.spareroom.co.uk/images/flatshare/listings/large/96/91/96912288.jpg,"https://photos2.spareroom.co.uk/images/flatshare/listings/large/96/91/96912288.jpg, https://photos2.spareroom.co.uk/images/flatshare/listings/square/96/91/96912287.jpg, https://photos2.spareroom.co.uk/images/flatshare/listings/square/86/15/86158337.jpg, https://photos2.spareroom.co.uk/images/flatshare/listings/square/86/15/86158338.jpg, https://photos2.spareroom.co.uk/images/flatshare/listings/square/86/15/86158339.jpg, https://photos2.spareroom.co.uk/images/flatshare/listings/square/86/15/86158345.jpg, https://assets.spareroom.co.uk/images/spareroom/v4/search/list/LDNOG_14x11.png, https://assets.spareroom.co.uk/images/spareroom/v4/search/list/BR_14x11.png",Free tocontact,UK London Flat,"Parking, Garden, Balcony, Bills Included, Furnished",,,No,1-Sep-25,No,Some,Yes,No,£910.00,,,,,No,Furnished,No,No,2 Males,No,,None,,12 months,,,Available to all,No,No,£910 pcm,Yes,double,No,No,3,
https://www.spareroom.co.uk/flatshare/london/battersea_park/17911191?utm_source=copy_link&utm_medium=social_share&utm_campaign=advert_share,"Amazing Victorian House, LIving & Garden!! AV. 1/1",Battersea Park,51.4754019,-0.1548438,"£1,200 pcm","Flat shareBattersea parkSW11Area infoBattersea Park StationTube map0-5 minutes walk awayView on map£1,200 pcmdouble£1,200 pcmdouble£1,083 pcmdouble£1,400 pcm(NOW LET)AvailabilityAvailable01 Oct 2025Minimum term12 monthsMaximum termNoneExtra costDeposit(Room 1)£1,200.00Deposit(Room 2)£1,200.00Deposit...",Room,now,19,https://photos2.spareroom.co.uk/images/flatshare/listings/large/96/99/96990758.jpg,"https://photos2.spareroom.co.uk/images/flatshare/listings/large/96/99/96990758.jpg, https://photos2.spareroom.co.uk/images/flatshare/listings/square/96/99/96990759.jpg, https://photos2.spareroom.co.uk/images/flatshare/listings/square/96/99/96990766.jpg, https://photos2.spareroom.co.uk/images/flatshare/listings/square/96/99/96990769.jpg, https://photos2.spareroom.co.uk/images/flatshare/listings/square/96/99/96990781.jpg, https://photos2.spareroom.co.uk/images/flatshare/listings/square/96/99/96990782.jpg, https://photos2.spareroom.co.uk/images/flatshare/listings/square/96/99/96990789.jpg, https://photos2.spareroom.co.uk/images/flatshare/listings/square/96/99/96990792.jpg, https://photos2.spareroom.co.uk/images/flatshare/listings/square/96/99/96990793.jpg, https://photos2.spareroom.co.uk/images/flatshare/listings/square/96/99/96990794.jpg, https://photos2.spareroom.co.uk/images/flatshare/listings/square/96/99/96990799.jpg, https://photos2.spareroom.co.uk/images/flatshare/listings/square/96/99/96990801.jpg, https://photos2.spareroom.co.uk/images/flatshare/listings/square/96/99/96990813.jpg, https://photos2.spareroom.co.uk/images/flatshare/listings/square/96/99/96990814.jpg, https://photos2.spareroom.co.uk/images/flatshare/listings/square/96/99/96990815.jpg, https://photos2.spareroom.co.uk/images/flatshare/listings/square/96/99/96990818.jpg, https://photos2.spareroom.co.uk/images/flatshare/listings/square/96/99/96990829.jpg, https://photos2.spareroom.co.uk/images/flatshare/listings/square/96/99/96990833.jpg, https://assets.spareroom.co.uk/images/spareroom/v4/search/list/BR_14x11.png",Free tocontact,UK London Flat,Garden,,,,1-Oct-25,No,Some,Yes,No,,,,,,No,Furnished,No,Yes,,shared,,None,,12 months,,,Available to all,No,No,"£1,200 pcm",Yes,double,No,,,
https://www.spareroom.co.uk/flatshare/london/clapham_junction/17911446?utm_source=copy_link&utm_medium=social_share&utm_campaign=advert_share,2 Double Rooms in Clapham Junction! Av. Sept. 1st,Clapham Junction,51.4646287,-0.1766863,£996 pcm,Flat shareClapham JunctionSW11Area infoClapham Junction StationTube map5-10 minutes walk awayView on map£996 pcmdouble£996 pcmdoubleAvailabilityAvailable01 Sep 2025Minimum term12 monthsMaximum termNoneExtra costDeposit(Room 1)£996.00Deposit(Room 2)£996.00Bills included?SomeAmenitiesFurnishingsFurnis...,Room,N/A,19,https://photos2.spareroom.co.uk/images/flatshare/listings/large/96/99/96992847.jpg,"https://photos2.spareroom.co.uk/images/flatshare/listings/large/96/99/96992847.jpg, https://photos2.spareroom.co.uk/images/flatshare/listings/square/96/99/96992848.jpg, https://photos2.spareroom.co.uk/images/flatshare/listings/square/96/99/96992852.jpg, https://photos2.spareroom.co.uk/images/flatshare/listings/square/96/99/96992846.jpg, https://photos2.spareroom.co.uk/images/flatshare/listings/square/96/99/96992851.jpg, https://photos2.spareroom.co.uk/images/flatshare/listings/square/96/99/96995246.jpg, https://photos2.spareroom.co.uk/images/flatshare/listings/square/96/99/96995244.jpg, https://photos2.spareroom.co.uk/images/flatshare/listings/square/96/99/96992857.jpg, https://photos2.spareroom.co.uk/images/flatshare/listings/square/96/99/96992858.jpg, https://photos2.spareroom.co.uk/images/flatshare/listings/square/96/99/96992859.jpg, https://photos2.spareroom.co.uk/images/flatshare/listings/square/96/99/96992860.jpg, https://photos2.spareroom.co.uk/images/flatshare/listings/square/96/99/96992862.jpg, https://photos2.spareroom.co.uk/images/flatshare/listings/square/96/99/96992864.jpg, https://photos2.spareroom.co.uk/images/flatshare/listings/square/96/99/96992873.jpg, https://photos2.spareroom.co.uk/images/flatshare/listings/square/96/99/96992874.jpg, https://photos2.spareroom.co.uk/images/flatshare/listings/square/96/99/96992877.jpg, https://photos2.spareroom.co.uk/images/flatshare/listings/square/96/99/96992889.jpg, https://assets.spareroom.co.uk/images/spareroom/v4/search/list/LDNOG_14x11.png, https://assets.spareroom.co.uk/images/spareroom/v4/search/list/BR_14x11.png",Free tocontact,UK London Flat,Bills Included,,,No,1-Sep-25,No,Some,Yes,No,,,,,,No,Furnished,No,No,2 Females,shared,,None,,12 months,,,Available to all,No,No,£996 pcm,Yes,double,No,No,4,
https://www.spareroom.co.uk/flatshare/london/clapham_junction/17901476?utm_source=copy_link&utm_medium=social_share&utm_campaign=advert_share,3 Bright Rooms in Clapham J. I 1st of September,Clapham Junction,51.468689,-0.1729393,"£1,083 pcm","Flat shareClapham JunctionSW11Area infoClapham Junction StationTube map0-5 minutes walk awayView on map£1,083 pcmdouble£1,100 pcmdouble£1,100 pcmdoubleAvailabilityAvailable01 Sep 2025Minimum term12 monthsMaximum termNoneExtra costDeposit(Room 1)£1,083.00Deposit(Room 2)£1,100.00Deposit(Room 3)£1,100....",Room,N/A,11,https://photos2.spareroom.co.uk/images/flatshare/listings/large/96/91/96911638.jpg,"https://photos2.spareroom.co.uk/images/flatshare/listings/large/96/91/96911638.jpg, https://photos2.spareroom.co.uk/images/flatshare/listings/square/96/91/96911642.jpg, https://photos2.spareroom.co.uk/images/flatshare/listings/square/97/00/97004096.jpg, https://photos2.spareroom.co.uk/images/flatshare/listings/square/96/91/96911653.jpg, https://photos2.spareroom.co.uk/images/flatshare/listings/square/96/91/96911655.jpg, https://photos2.spareroom.co.uk/images/flatshare/listings/square/96/91/96911661.jpg, https://photos2.spareroom.co.uk/images/flatshare/listings/square/96/91/96911663.jpg, https://photos2.spareroom.co.uk/images/flatshare/listings/square/96/91/96911668.jpg, https://photos2.spareroom.co.uk/images/flatshare/listings/square/96/91/96911674.jpg, https://assets.spareroom.co.uk/images/spareroom/v4/search/list/LDNOG_14x11.png, https://assets.spareroom.co.uk/images/spareroom/v4/search/list/BR_14x11.png",Free tocontact,UK London Flat,N/A,,25 to 35,No,1-Sep-25,No,Some,Yes,No,,,,,,No,Furnished,No,No,2 Males,No,40,None,18,12 months,,,Available to all,No,No,"£1,083 pcm",Yes,double,No,No,4,
https://www.spareroom.co.uk/flatshare/london/clapham_junction/17911315?utm_source=copy_link&utm_medium=social_share&utm_campaign=advert_share,"3 double rooms, 5 min from CJ Station!! Av. NOW!!!",Clapham Junction,51.4676281,-0.172377,"£1,083 pcm","Flat shareClapham JunctionSW11Area infoClapham Junction StationTube map0-5 minutes walk awayView on map£1,083 pcmdouble£1,083 pcmdouble£1,083 pcmdoubleAvailabilityAvailable01 Sep 2025Minimum term12 monthsMaximum termNoneExtra costDeposit(Room 1)£1,083.00Deposit(Room 2)£1,083.00Deposit(Room 3)£1,083....",Room,now,15,https://photos2.spareroom.co.uk/images/flatshare/listings/large/96/99/96991639.jpg,"https://photos2.spareroom.co.uk/images/flatshare/listings/large/96/99/96991639.jpg, https://photos2.spareroom.co.uk/images/flatshare/listings/square/96/99/96991647.jpg, https://photos2.spareroom.co.uk/images/flatshare/listings/square/96/99/96992309.jpg, https://photos2.spareroom.co.uk/images/flatshare/listings/square/96/99/96992308.jpg, https://photos2.spareroom.co.uk/images/flatshare/listings/square/96/99/96992310.jpg, https://photos2.spareroom.co.uk/images/flatshare/listings/square/96/99/96992317.jpg, https://photos2.spareroom.co.uk/images/flatshare/listings/square/96/99/96992318.jpg, https://photos2.spareroom.co.uk/images/flatshare/listings/square/96/99/96992319.jpg, https://photos2.spareroom.co.uk/images/flatshare/listings/square/96/99/96991821.jpg, https://photos2.spareroom.co.uk/images/flatshare/listings/square/96/99/96991822.jpg, https://photos2.spareroom.co.uk/images/flatshare/listings/square/96/99/96991844.jpg, https://photos2.spareroom.co.uk/images/flatshare/listings/square/96/99/96991825.jpg, https://photos2.spareroom.co.uk/images/flatshare/listings/square/96/99/96991823.jpg, https://assets.spareroom.co.uk/images/spareroom/v4/search/list/LDNOG_14x11.png, https://assets.spareroom.co.uk/images/spareroom/v4/search/list/BR_14x11.png",Free tocontact,UK London Flat,N/A,,,,1-Sep-25,No,Some,Yes,No,,,,,,No,Furnished,No,No,,No,,None,,12 months,,,Available to all,No,No,"£1,083 pcm",Yes,double,No,,,
https://www.spareroom.co.uk/flatshare/london/battersea/17917209?utm_source=copy_link&utm_medium=social_share&utm_campaign=advert_share,Amazing double room - Battersea Bridge. AV. Soon,Battersea,51.4774514,-0.1685572,"£1,083 pcm","Flat shareBatterseaSW11Area infoClapham Junction StationTube map15-20 minutes walk awayView on map£1,083 pcmdoubleAvailabilityAvailable01 Sep 2025Minimum term12 monthsMaximum termNoneExtra costDeposit£1,083.00Bills included?SomeAmenitiesFurnishingsFurnishedParkingNoGarageNoGarden/patioNoBalcony/roof...",Room,N/A,10,https://photos2.spareroom.co.uk/images/flatshare/listings/large/97/03/97039376.jpg,"https://photos2.spareroom.co.uk/images/flatshare/listings/large/97/03/97039376.jpg, https://photos2.spareroom.co.uk/images/flatshare/listings/square/97/03/97039368.jpg, https://photos2.spareroom.co.uk/images/flatshare/listings/square/97/03/97039370.jpg, https://photos2.spareroom.co.uk/images/flatshare/listings/square/97/03/97039380.jpg, https://photos2.spareroom.co.uk/images/flatshare/listings/square/97/03/97039382.jpg, https://photos2.spareroom.co.uk/images/flatshare/listings/square/97/03/97039383.jpg, https://photos2.spareroom.co.uk/images/flatshare/listings/square/97/03/97039384.jpg, https://photos2.spareroom.co.uk/images/flatshare/listings/square/97/03/97039387.jpg, https://assets.spareroom.co.uk/images/spareroom/v4/search/list/LDNOG_14x11.png, https://assets.spareroom.co.uk/images/spareroom/v4/search/list/BR_14x11.png",Free tocontact,UK London Flat,"Parking, Garden, Balcony, Bills Included, Furnished",,,No,1-Sep-25,No,Some,Yes,No,"£1,083.00",,,,,No,Furnished,No,No,2 Females,No,,None,,12 months,,,Available to all,No,No,"£1,083 pcm",Yes,double,Yes,No,3,
https://www.spareroom.co.uk/flatshare/london/canada_water/17895645?utm_source=copy_link&utm_medium=social_share&utm_campaign=advert_share,Double Bedrooms Available in Surrey Quays,Canada Water,51.496723,-0.0336402,"£1,100 pcm","House shareCanada WaterSE16Area infoCanada Water StationTube map10-15 minutes walk awayView on map£1,100 pcmdouble£1,100 pcm(NOW LET)£1,050 pcmdouble£1,300 pcm(NOW LET)AvailabilityAvailable28 Aug 2025Minimum term12 monthsMaximum termNoneExtra costDeposit(Room 1)£1,269.23Deposit(Room 3)£1,211.53Bills...",Room,now,11,https://photos2.spareroom.co.uk/images/flatshare/listings/square/96/86/96866849.jpg,"https://photos2.spareroom.co.uk/images/flatshare/listings/square/96/86/96866849.jpg, https://photos2.spareroom.co.uk/images/flatshare/listings/square/96/86/96866933.jpg, https://photos2.spareroom.co.uk/images/flatshare/listings/square/96/86/96866932.jpg, https://photos2.spareroom.co.uk/images/flatshare/listings/square/96/86/96866935.jpg, https://photos2.spareroom.co.uk/images/flatshare/listings/square/96/86/96866936.jpg, https://photos2.spareroom.co.uk/images/flatshare/listings/square/96/86/96866939.jpg, https://photos2.spareroom.co.uk/images/flatshare/listings/square/96/86/96866940.jpg, https://photos2.spareroom.co.uk/images/flatshare/listings/square/96/86/96862710.jpg, https://photos2.spareroom.co.uk/images/flatshare/listings/square/69/74/69741784.jpg, https://assets.spareroom.co.uk/images/spareroom/v4/search/list/TUBE_14x11.png, https://assets.spareroom.co.uk/images/spareroom/v4/search/list/LDNOG_14x11.png",Free tocontact,JD Corp Management,N/A,,,,28-Aug-25,No,Yes,Yes,No,,,,,,No,Furnished,No,Yes,,shared,,None,,12 months,,,Not suitable for students,No,No,"£1,100 pcm",Yes,double,No,,,
https://www.spareroom.co.uk/flatshare/london/woolwich/17890590?utm_source=copy_link&utm_medium=social_share&utm_campaign=advert_share,Great Sized Room in 6 Bedroom HMO,Woolwich,51.4851985,0.0685323,£825 pcm,House shareWoolwichSE18Area infoWoolwich Arsenal StationTube map5-10 minutes walk awayView on map£825 pcmdoubleAvailabilityAvailableNowMinimum term12 monthsMaximum termNoneExtra costDeposit£951.92Bills included?YesAmenitiesFurnishingsFurnishedParkingNoGarageNoGarden/patioYesBalcony/roof terraceYesDi...,Room,now,14,https://photos2.spareroom.co.uk/images/flatshare/listings/large/96/82/96821669.jpg,"https://photos2.spareroom.co.uk/images/flatshare/listings/large/96/82/96821669.jpg, https://photos2.spareroom.co.uk/images/flatshare/listings/square/96/82/96821683.jpg, https://photos2.spareroom.co.uk/images/flatshare/listings/square/96/82/96821657.jpg, https://photos2.spareroom.co.uk/images/flatshare/listings/square/96/82/96821658.jpg, https://photos2.spareroom.co.uk/images/flatshare/listings/square/96/82/96821670.jpg, https://photos2.spareroom.co.uk/images/flatshare/listings/square/96/82/96821674.jpg, https://photos2.spareroom.co.uk/images/flatshare/listings/square/96/82/96821672.jpg, https://photos2.spareroom.co.uk/images/flatshare/listings/square/96/82/96821694.jpg, https://photos2.spareroom.co.uk/images/flatshare/listings/square/96/82/96821675.jpg, https://photos2.spareroom.co.uk/images/flatshare/listings/square/96/82/96821680.jpg, https://photos2.spareroom.co.uk/images/flatshare/listings/square/96/82/96821682.jpg, https://photos2.spareroom.co.uk/images/flatshare/listings/square/69/74/69741784.jpg, https://assets.spareroom.co.uk/images/spareroom/v4/search/list/DLR_14x11.png, https://assets.spareroom.co.uk/images/spareroom/v4/search/list/BR_14x11.png",Free tocontact,JD Corp Management,"Parking, Garden, Balcony, Bills Included, Furnished",,,No,Now,Yes,Yes,Yes,No,£951.92,,,,,No,Furnished,No,Yes,,No,,None,,12 months,,,Available to all,No,No,£825 pcm,Yes,double,Yes,No,2,
https://www.spareroom.co.uk/flatshare/london/woolwich/17918990?utm_source=copy_link&utm_medium=social_share&utm_campaign=advert_share,Massive En-Suite Double Room with Garden Access,Woolwich,51.4832455,0.0726928,"£1,350 pcm","House shareWoolwichSE18Area infoWoolwich Arsenal StationTube map10-15 minutes walk awayView on map£1,350 pcmdouble En suiteAvailabilityAvailable25 Sep 2025Minimum term12 monthsMaximum termNoneExtra costDeposit£1,557.69Bills included?YesAmenitiesFurnishingsFurnishedParkingNoGarageNoGarden/patioYesBal...",Room,N/A,14,https://photos2.spareroom.co.uk/images/flatshare/listings/square/97/05/97054446.jpg,"https://photos2.spareroom.co.uk/images/flatshare/listings/square/97/05/97054446.jpg, https://photos2.spareroom.co.uk/images/flatshare/listings/square/97/05/97054447.jpg, https://photos2.spareroom.co.uk/images/flatshare/listings/square/97/05/97054448.jpg, https://photos2.spareroom.co.uk/images/flatshare/listings/square/97/05/97054449.jpg, https://photos2.spareroom.co.uk/images/flatshare/listings/square/97/05/97054451.jpg, https://photos2.spareroom.co.uk/images/flatshare/listings/square/97/05/97054452.jpg, https://photos2.spareroom.co.uk/images/flatshare/listings/square/97/05/97054461.jpg, https://photos2.spareroom.co.uk/images/flatshare/listings/square/97/05/97054475.jpg, https://photos2.spareroom.co.uk/images/flatshare/listings/square/97/05/97054476.jpg, https://photos2.spareroom.co.uk/images/flatshare/listings/square/97/05/97054481.jpg, https://photos2.spareroom.co.uk/images/flatshare/listings/square/97/05/97054483.jpg, https://photos2.spareroom.co.uk/images/flatshare/listings/square/69/74/69741784.jpg, https://assets.spareroom.co.uk/images/spareroom/v4/search/list/DLR_14x11.png, https://assets.spareroom.co.uk/images/spareroom/v4/search/list/BR_14x11.png",Free tocontact,JD Corp Management,"Parking, Garden, Bills Included, Furnished",,,No,25-Sep-25,No,Yes,Yes,Yes,"£1,557.69",,,,,No,Furnished,No,Yes,,No,,None,,12 months,,,Available to all,No,No,"£1,350 pcm",Yes,double En suite,Yes,No,2,
https://www.spareroom.co.uk/flatshare/london/woolwich/17919269?utm_source=copy_link&utm_medium=social_share&utm_campaign=advert_share,Modern 1 Bedroom Close to Station,Woolwich,51.4915509,0.0713938,,"Flat
        
        to rentWoolwichSE18Area infoWoolwich Arsenal StationTube map0-5 minutes walk awayView on map£1,850 pcm(whole property)This ad is for a 1 bed flatAvailabilityAvailable02 Sep 2025Minimum term12 monthsMaximum termNoneExtra costSecurity deposit£2,134.00AmenitiesFurnishingsFurnished...",Room,N/A,4,https://photos2.spareroom.co.uk/images/flatshare/listings/large/97/05/97056800.jpg,"https://photos2.spareroom.co.uk/images/flatshare/listings/large/97/05/97056800.jpg, https://photos2.spareroom.co.uk/images/flatshare/listings/square/69/74/69741784.jpg, https://assets.spareroom.co.uk/images/spareroom/v4/search/list/DLR_14x11.png, https://assets.spareroom.co.uk/images/spareroom/v4/search/list/BR_14x11.png",Free tocontact,JD Corp Management,Furnished,,,,2-Sep-25,No,,,,,,,,,No,Furnished,No,No,,own,,None,,12 months,,,Available to all,No,No,,Yes,,Yes,,,
https://www.spareroom.co.uk/flatshare/london/beckton/17933743?utm_source=copy_link&utm_medium=social_share&utm_campaign=advert_share,Single Room in large House,Beckton,51.5170527,0.0484705,£600 pcm,House shareBecktonE6Area infoBeckton StationTube map15-20 minutes walk awayView on map£600 pcmsingleAvailabilityAvailableNowMinimum term12 monthsMaximum termNoneExtra costDeposit£692.30Bills included?YesAmenitiesFurnishingsFurnishedParkingNoGarageNoGarden/patioYesBalcony/roof terraceNoDisabled acces...,Room,now,8,https://photos2.spareroom.co.uk/images/flatshare/listings/large/97/17/97174785.jpg,"https://photos2.spareroom.co.uk/images/flatshare/listings/large/97/17/97174785.jpg, https://photos2.spareroom.co.uk/images/flatshare/listings/square/97/17/97174764.jpg, https://photos2.spareroom.co.uk/images/flatshare/listings/square/97/17/97174763.jpg, https://photos2.spareroom.co.uk/images/flatshare/listings/square/97/17/97174762.jpg, https://photos2.spareroom.co.uk/images/flatshare/listings/square/97/17/97174766.jpg, https://photos2.spareroom.co.uk/images/flatshare/listings/square/97/17/97174765.jpg, https://photos2.spareroom.co.uk/images/flatshare/listings/square/69/74/69741784.jpg, https://assets.spareroom.co.uk/images/spareroom/v4/search/list/DLR_14x11.png",Free tocontact,JD Corp Management,"Parking, Garden, Balcony, Bills Included, Furnished",,,No,Now,No,Yes,Yes,No,£692.30,,,,,No,Furnished,No,Yes,,shared,,None,,12 months,,,Available to all,No,No,£600 pcm,Yes,single,Yes,No,2,
https://www.spareroom.co.uk/flatshare/london/woolwich/17933703?utm_source=copy_link&utm_medium=social_share&utm_campaign=advert_share,Double Room With Own Toilet (Not en-suite),Woolwich,51.4843751,0.0710574,£850 pcm,House shareWoolwichSE18Area infoWoolwich Arsenal StationTube map15-20 minutes walk awayView on map£850 pcmdoubleAvailabilityAvailableNowMinimum term12 monthsMaximum termNoneExtra costDeposit£980.76Bills included?YesAmenitiesFurnishingsFurnishedParkingNoGarageNoGarden/patioYesBalcony/roof terraceNoDi...,Room,now,13,https://photos2.spareroom.co.uk/images/flatshare/listings/square/97/17/97174435.jpg,"https://photos2.spareroom.co.uk/images/flatshare/listings/square/97/17/97174435.jpg, https://photos2.spareroom.co.uk/images/flatshare/listings/square/97/17/97174399.jpg, https://photos2.spareroom.co.uk/images/flatshare/listings/square/97/17/97174400.jpg, https://photos2.spareroom.co.uk/images/flatshare/listings/square/97/17/97174411.jpg, https://photos2.spareroom.co.uk/images/flatshare/listings/square/97/17/97174410.jpg, https://photos2.spareroom.co.uk/images/flatshare/listings/square/97/17/97174418.jpg, https://photos2.spareroom.co.uk/images/flatshare/listings/square/97/17/97174419.jpg, https://photos2.spareroom.co.uk/images/flatshare/listings/square/97/17/97174420.jpg, https://photos2.spareroom.co.uk/images/flatshare/listings/square/97/17/97174413.jpg, https://photos2.spareroom.co.uk/images/flatshare/listings/square/97/17/97174434.jpg, https://photos2.spareroom.co.uk/images/flatshare/listings/square/69/74/69741784.jpg, https://assets.spareroom.co.uk/images/spareroom/v4/search/list/DLR_14x11.png, https://assets.spareroom.co.uk/images/spareroom/v4/search/list/BR_14x11.png",Free tocontact,JD Corp Management,"Parking, Garden, Balcony, Bills Included, Furnished",,,No,Now,No,Yes,Yes,No,£980.76,,,,,No,Furnished,No,Yes,,No,,None,,12 months,,,Available to all,No,No,£850 pcm,Yes,double,Yes,No,2,
https://www.spareroom.co.uk/flatshare/london/canada_water/17933678?utm_source=copy_link&utm_medium=social_share&utm_campaign=advert_share,2 Bed Flat on Rotherhithe Street,Canada Water,51.5047378,-0.0343037,,"Property
        to rentCanada WaterSE16Area infoCanada Water StationTube map15-20 minutes walk awayView on map£1,900 pcm(whole property)This ad is for a 2 bed property
        
          and is not available by the room.Why notbuddy up?Find potential buddy ups to share this property withFind out mo...",Room,N/A,11,https://photos2.spareroom.co.uk/images/flatshare/listings/large/97/17/97174128.jpg,"https://photos2.spareroom.co.uk/images/flatshare/listings/large/97/17/97174128.jpg, https://photos2.spareroom.co.uk/images/flatshare/listings/square/96/55/96554691.jpg, https://photos2.spareroom.co.uk/images/flatshare/listings/square/97/20/97207364.jpg, https://photos2.spareroom.co.uk/images/flatshare/listings/square/97/16/97163156.jpg, https://photos2.spareroom.co.uk/images/flatshare/listings/square/97/11/97112821.jpg, https://photos2.spareroom.co.uk/images/flatshare/listings/square/96/70/96701574.jpg, https://photos2.spareroom.co.uk/images/flatshare/listings/square/96/97/96976699.jpg, https://photos2.spareroom.co.uk/images/flatshare/listings/square/69/74/69741784.jpg, https://assets.spareroom.co.uk/img/spareroom/v4/icons/profilepic_unisex.gif, https://assets.spareroom.co.uk/images/spareroom/v4/search/list/TUBE_14x11.png, https://assets.spareroom.co.uk/images/spareroom/v4/search/list/LDNOG_14x11.png",Free tocontact,JD Corp Management,N/A,,,,3-Sep-25,Yes,,,,,,,,,No,Furnished,No,No,,own,,None,,12 months,,,Students only,Yes,Yes,,Yes,,Yes,,,
https://www.spareroom.co.uk/flatshare/london/hackney/17894505?utm_source=copy_link&utm_medium=social_share&utm_campaign=advert_share,üå≥ 4 Rooms in 4-Bedroom Flat Äì 2 Minutes from Vict,Hackney,51.5420438,-0.0286577,"£1,150 pcm","Flat shareHackneyE9Area infoHackney Wick StationTube map5-10 minutes walk awayView on map£1,150 pcmdouble£1,150 pcmdouble£1,150 pcmdouble£1,150 pcmdoubleAvailabilityAvailableNowMinimum termNoneMaximum termNoneExtra costDeposit(Room 1)£265.00Deposit(Room 2)£265.00Deposit(Room 3)£266.00Deposit(Room 4)...",Room,now,17,https://photos2.spareroom.co.uk/images/flatshare/listings/large/96/85/96853265.jpg,"https://photos2.spareroom.co.uk/images/flatshare/listings/large/96/85/96853265.jpg, https://photos2.spareroom.co.uk/images/flatshare/listings/square/96/85/96853263.jpg, https://photos2.spareroom.co.uk/images/flatshare/listings/square/96/85/96853264.jpg, https://photos2.spareroom.co.uk/images/flatshare/listings/square/96/85/96853260.jpg, https://photos2.spareroom.co.uk/images/flatshare/listings/square/96/85/96853261.jpg, https://photos2.spareroom.co.uk/images/flatshare/listings/square/96/85/96853262.jpg, https://photos2.spareroom.co.uk/images/flatshare/listings/square/96/85/96853266.jpg, https://photos2.spareroom.co.uk/images/flatshare/listings/square/96/85/96853267.jpg, https://photos2.spareroom.co.uk/images/flatshare/listings/square/96/85/96853268.jpg, https://photos2.spareroom.co.uk/images/flatshare/listings/square/96/85/96853269.jpg, https://photos2.spareroom.co.uk/images/flatshare/listings/square/96/85/96853270.jpg, https://photos2.spareroom.co.uk/images/flatshare/listings/square/96/85/96853271.jpg, https://photos2.spareroom.co.uk/images/flatshare/listings/square/96/85/96853272.jpg, https://photos2.spareroom.co.uk/images/flatshare/listings/square/96/85/96853273.jpg, https://photos2.spareroom.co.uk/images/flatshare/listings/square/82/15/82155690.jpg, https://assets.spareroom.co.uk/images/spareroom/v4/search/list/LDNOG_14x11.png, https://assets.spareroom.co.uk/images/spareroom/v4/search/list/BR_14x11.png",Free tocontact,Pisoria Ltd,N/A,,,,Now,Yes,Yes,Yes,No,,,,,,No,Furnished,No,No,,shared,,None,,None,,,Available to all,No,No,"£1,150 pcm",No,double,Yes,,,
https://www.spareroom.co.uk/flatshare/london/aldgate_east/17919750?utm_source=copy_link&utm_medium=social_share&utm_campaign=advert_share,üÜï3 rooms same house! 2 full Bath. Bills inc! ASAP,Aldgate East,51.51538932,-0.044297783,£950 pcm,House shareAldgate EastE1Area infoStepney Green StationTube map5-10 minutes walk awayView on map£950 pcmdouble£950 pcmdouble£980 pcmdoubleAvailabilityAvailableNowMinimum termNoneMaximum termNoneExtra costDeposit(Room 1)£0.00Deposit(Room 2)£0.00Deposit(Room 3)£0.00Bills included?YesAmenitiesFurnishin...,Room,asap,9,https://photos2.spareroom.co.uk/images/flatshare/listings/large/97/06/97060914.jpg,"https://photos2.spareroom.co.uk/images/flatshare/listings/large/97/06/97060914.jpg, https://photos2.spareroom.co.uk/images/flatshare/listings/square/97/06/97060913.jpg, https://photos2.spareroom.co.uk/images/flatshare/listings/square/97/06/97060912.jpg, https://photos2.spareroom.co.uk/images/flatshare/listings/square/97/06/97060915.jpg, https://photos2.spareroom.co.uk/images/flatshare/listings/square/97/06/97060928.jpg, https://photos2.spareroom.co.uk/images/flatshare/listings/square/97/06/97060916.jpg, https://photos2.spareroom.co.uk/images/flatshare/listings/square/97/06/97060931.jpg, https://photos2.spareroom.co.uk/images/flatshare/listings/square/82/15/82155690.jpg, https://assets.spareroom.co.uk/images/spareroom/v4/search/list/TUBE_14x11.png",Free tocontact,Pisoria Ltd,Bills Included,,,No,Now,Yes,Yes,Yes,No,,,,,,No,Furnished,No,Yes,Female,shared,,None,,None,,,Available to all,No,No,£950 pcm,No,double,Yes,No,4,
https://www.spareroom.co.uk/flatshare/london/mile_end/17928923?utm_source=copy_link&utm_medium=social_share&utm_campaign=advert_share,üÜï Next To Qmul! 2 Girls | Bills inc. Safe agency,Mile End,51.52868543,-0.030074673,"£1,100 pcm","Flat shareMile EndE3Area infoMile End StationTube map0-5 minutes walk awayView on map£1,100 pcmdouble£1,050 pcmdoubleAvailabilityAvailableNowMinimum termNoneMaximum termNoneExtra costDeposit(Room 1)£0.00Deposit(Room 2)£0.00Bills included?YesAmenitiesFurnishingsFurnishedParkingNoGarageNoGarden/patioY...",Room,now,13,https://photos2.spareroom.co.uk/images/flatshare/listings/large/97/13/97134795.jpg,"https://photos2.spareroom.co.uk/images/flatshare/listings/large/97/13/97134795.jpg, https://photos2.spareroom.co.uk/images/flatshare/listings/square/97/13/97134796.jpg, https://photos2.spareroom.co.uk/images/flatshare/listings/square/97/13/97134791.jpg, https://photos2.spareroom.co.uk/images/flatshare/listings/square/97/13/97134802.jpg, https://photos2.spareroom.co.uk/images/flatshare/listings/square/97/13/97134794.jpg, https://photos2.spareroom.co.uk/images/flatshare/listings/square/97/13/97134804.jpg, https://photos2.spareroom.co.uk/images/flatshare/listings/square/97/13/97134792.jpg, https://photos2.spareroom.co.uk/images/flatshare/listings/square/97/13/97134790.jpg, https://photos2.spareroom.co.uk/images/flatshare/listings/square/97/13/97134801.jpg, https://photos2.spareroom.co.uk/images/flatshare/listings/square/97/13/97134805.jpg, https://photos2.spareroom.co.uk/images/flatshare/listings/square/97/13/97134807.jpg, https://photos2.spareroom.co.uk/images/flatshare/listings/square/82/15/82155690.jpg, https://assets.spareroom.co.uk/images/spareroom/v4/search/list/TUBE_14x11.png",Free tocontact,Pisoria Ltd,"Parking, Garden, Bills Included, Furnished",,,No,Now,Yes,Yes,Yes,No,,,,,,No,Furnished,No,Yes,2 Females,shared,,None,,None,,,Available to all,No,No,"£1,100 pcm",No,double,Yes,No,4,
https://www.spareroom.co.uk/flatshare/london/mile_end/17924915?utm_source=copy_link&utm_medium=social_share&utm_campaign=advert_share,üÜï Next To Qmul! 2 Girls In The House! Asap,Mile End,51.52973183,-0.038853156,£930 pcm,"Flat shareMile EndE3Area infoMile End StationTube map0-5 minutes walk awayView on map£930 pcmdouble£1,079 pcmdoubleAvailabilityAvailableNowMinimum termNoneMaximum termNoneExtra costDeposit(Room 1)£0.00Deposit(Room 2)£0.00Bills included?YesAmenitiesFurnishingsFurnishedParkingNoGarageNoGarden/patioYes...",Room,asap,14,https://photos2.spareroom.co.uk/images/flatshare/listings/large/97/10/97102807.jpg,"https://photos2.spareroom.co.uk/images/flatshare/listings/large/97/10/97102807.jpg, https://photos2.spareroom.co.uk/images/flatshare/listings/square/97/10/97102803.jpg, https://photos2.spareroom.co.uk/images/flatshare/listings/square/97/10/97102799.jpg, https://photos2.spareroom.co.uk/images/flatshare/listings/square/97/10/97102804.jpg, https://photos2.spareroom.co.uk/images/flatshare/listings/square/97/10/97102801.jpg, https://photos2.spareroom.co.uk/images/flatshare/listings/square/97/10/97102802.jpg, https://photos2.spareroom.co.uk/images/flatshare/listings/square/97/10/97102805.jpg, https://photos2.spareroom.co.uk/images/flatshare/listings/square/97/10/97102808.jpg, https://photos2.spareroom.co.uk/images/flatshare/listings/square/97/10/97102814.jpg, https://photos2.spareroom.co.uk/images/flatshare/listings/square/97/10/97102816.jpg, https://photos2.spareroom.co.uk/images/flatshare/listings/square/97/10/97102817.jpg, https://photos2.spareroom.co.uk/images/flatshare/listings/square/97/10/97102818.jpg, https://photos2.spareroom.co.uk/images/flatshare/listings/square/82/15/82155690.jpg, https://assets.spareroom.co.uk/images/spareroom/v4/search/list/TUBE_14x11.png",Free tocontact,Pisoria Ltd,"Parking, Garden, Bills Included, Furnished",,,No,Now,Yes,Yes,Yes,No,,,,,,No,Furnished,No,Yes,2 Females,No,,None,,None,,,Available to all,No,No,£930 pcm,No,double,Yes,No,4,
https://www.spareroom.co.uk/flatshare/london/canary_wharf/17925611?utm_source=copy_link&utm_medium=social_share&utm_campaign=advert_share,üÜï3 Rooms | 2 Full Bath. Bills Inc! Safe Agency,Canary Wharf,51.51022885,-0.021863813,"£1,030 pcm","Flat shareCanary WharfE14Area infoCanary Wharf StationTube map0-5 minutes walk awayView on map£1,030 pcmdouble£1,080 pcmdouble£1,080 pcmdoubleAvailabilityAvailable21 Aug 2025Minimum termNoneMaximum termNoneExtra costDeposit(Room 1)£0.00Deposit(Room 2)£0.00Deposit(Room 3)£0.00Bills included?YesAmenit...",Room,N/A,16,https://photos2.spareroom.co.uk/images/flatshare/listings/large/97/10/97108220.jpg,"https://photos2.spareroom.co.uk/images/flatshare/listings/large/97/10/97108220.jpg, https://photos2.spareroom.co.uk/images/flatshare/listings/square/97/10/97108221.jpg, https://photos2.spareroom.co.uk/images/flatshare/listings/square/97/10/97108219.jpg, https://photos2.spareroom.co.uk/images/flatshare/listings/square/97/10/97108222.jpg, https://photos2.spareroom.co.uk/images/flatshare/listings/square/97/10/97108223.jpg, https://photos2.spareroom.co.uk/images/flatshare/listings/square/97/10/97108224.jpg, https://photos2.spareroom.co.uk/images/flatshare/listings/square/97/10/97108225.jpg, https://photos2.spareroom.co.uk/images/flatshare/listings/square/97/10/97108226.jpg, https://photos2.spareroom.co.uk/images/flatshare/listings/square/97/10/97108228.jpg, https://photos2.spareroom.co.uk/images/flatshare/listings/square/97/10/97108229.jpg, https://photos2.spareroom.co.uk/images/flatshare/listings/square/97/10/97108230.jpg, https://photos2.spareroom.co.uk/images/flatshare/listings/square/97/10/97108231.jpg, https://photos2.spareroom.co.uk/images/flatshare/listings/square/97/10/97108232.jpg, https://photos2.spareroom.co.uk/images/flatshare/listings/square/82/15/82155690.jpg, https://assets.spareroom.co.uk/images/spareroom/v4/search/list/TUBE_14x11.png, https://assets.spareroom.co.uk/images/spareroom/v4/search/list/DLR_14x11.png",Free tocontact,Pisoria Ltd,Bills Included,,,No,21-Aug-25,Yes,Yes,Yes,No,,,,,,No,Furnished,No,Yes,"2 Females, 1 Male",shared,,None,,None,,,Available to all,No,No,"£1,030 pcm",No,double,Yes,No,6,
https://www.spareroom.co.uk/flatshare/london/canary_wharf/17885596?utm_source=copy_link&utm_medium=social_share&utm_campaign=advert_share,üåø 3 Rooms in 3-Bedroom Flat Äì Canary Wharf Area,Canary Wharf,51.5097317,-0.0285834,"£1,150 pcm","Flat shareCanary WharfE14Area infoWestferry StationTube map0-5 minutes walk awayView on map£1,150 pcmdouble£1,150 pcmdouble£1,150 pcmdoubleAvailabilityAvailable08 Sep 2025Minimum termNoneMaximum termNoneExtra costDeposit(Room 1)£265.00Deposit(Room 2)£263.00Deposit(Room 3)£263.00Bills included?YesAme...",Room,N/A,14,https://photos2.spareroom.co.uk/images/flatshare/listings/large/96/77/96779057.jpg,"https://photos2.spareroom.co.uk/images/flatshare/listings/large/96/77/96779057.jpg, https://photos2.spareroom.co.uk/images/flatshare/listings/square/96/77/96779061.jpg, https://photos2.spareroom.co.uk/images/flatshare/listings/square/96/77/96779059.jpg, https://photos2.spareroom.co.uk/images/flatshare/listings/square/96/77/96779063.jpg, https://photos2.spareroom.co.uk/images/flatshare/listings/square/96/77/96779062.jpg, https://photos2.spareroom.co.uk/images/flatshare/listings/square/96/77/96779065.jpg, https://photos2.spareroom.co.uk/images/flatshare/listings/square/96/77/96779066.jpg, https://photos2.spareroom.co.uk/images/flatshare/listings/square/96/77/96779064.jpg, https://photos2.spareroom.co.uk/images/flatshare/listings/square/96/77/96779056.jpg, https://photos2.spareroom.co.uk/images/flatshare/listings/square/96/77/96779067.jpg, https://photos2.spareroom.co.uk/images/flatshare/listings/square/96/77/96779058.jpg, https://photos2.spareroom.co.uk/images/flatshare/listings/square/96/77/96779068.jpg, https://photos2.spareroom.co.uk/images/flatshare/listings/square/82/15/82155690.jpg, https://assets.spareroom.co.uk/images/spareroom/v4/search/list/DLR_14x11.png",Free tocontact,Pisoria Ltd,Bills Included,,,,8-Sep-25,Yes,Yes,Yes,No,,,,,,No,Furnished,No,No,,shared,,None,,None,,,Available to all,No,No,"£1,150 pcm",No,double,Yes,,,
https://www.spareroom.co.uk/flatshare/london/mile_end/17885577?utm_source=copy_link&utm_medium=social_share&utm_campaign=advert_share,üè° 2 Rooms Available Äì E3 Location (Mile End/Bow),Mile End,51.5264637,-0.0155629,"£1,050 pcm","Flat shareMile EndE3Area infoBromley-by-Bow StationTube map0-5 minutes walk awayView on map£1,050 pcmdouble£1,000 pcmdoubleAvailabilityAvailable07 Sep 2025Minimum termNoneMaximum termNoneExtra costDeposit(Room 1)£230.00Deposit(Room 2)£242.00Bills included?YesAmenitiesFurnishingsFurnishedParkingNoGar...",Room,N/A,8,https://photos2.spareroom.co.uk/images/flatshare/listings/large/96/77/96778906.jpg,"https://photos2.spareroom.co.uk/images/flatshare/listings/large/96/77/96778906.jpg, https://photos2.spareroom.co.uk/images/flatshare/listings/square/96/77/96778904.jpg, https://photos2.spareroom.co.uk/images/flatshare/listings/square/96/77/96778907.jpg, https://photos2.spareroom.co.uk/images/flatshare/listings/square/96/77/96778909.jpg, https://photos2.spareroom.co.uk/images/flatshare/listings/square/96/77/96778910.jpg, https://photos2.spareroom.co.uk/images/flatshare/listings/square/96/77/96778903.jpg, https://photos2.spareroom.co.uk/images/flatshare/listings/square/82/15/82155690.jpg, https://assets.spareroom.co.uk/images/spareroom/v4/search/list/TUBE_14x11.png",Free tocontact,Pisoria Ltd,"Parking, Bills Included, Furnished",,,No,7-Sep-25,Yes,Yes,Yes,No,,,,,,No,Furnished,No,No,2 Females,shared,,None,,None,,,Available to all,No,No,"£1,050 pcm",No,double,Yes,No,4,
https://www.spareroom.co.uk/flatshare/london/canary_wharf/17925574?utm_source=copy_link&utm_medium=social_share&utm_campaign=advert_share,üÜï3 rooms | All bills inc | Canary Wharf doorstep,Canary Wharf,51.51294658,-0.024109706,£950 pcm,"House shareCanary WharfE14Area infoWestferry StationTube map0-5 minutes walk awayView on map£950 pcmdouble£1,049 pcmdouble£1,100 pcmdoubleAvailabilityAvailableNowMinimum termNoneMaximum termNoneExtra costDeposit(Room 1)£0.00Deposit(Room 2)£0.00Deposit(Room 3)£0.00Bills included?YesAmenitiesFurnishin...",Room,now,19,https://photos2.spareroom.co.uk/images/flatshare/listings/large/97/10/97107925.jpg,"https://photos2.spareroom.co.uk/images/flatshare/listings/large/97/10/97107925.jpg, https://photos2.spareroom.co.uk/images/flatshare/listings/square/97/10/97107926.jpg, https://photos2.spareroom.co.uk/images/flatshare/listings/square/97/10/97107927.jpg, https://photos2.spareroom.co.uk/images/flatshare/listings/square/97/10/97107928.jpg, https://photos2.spareroom.co.uk/images/flatshare/listings/square/97/10/97107930.jpg, https://photos2.spareroom.co.uk/images/flatshare/listings/square/97/10/97107946.jpg, https://photos2.spareroom.co.uk/images/flatshare/listings/square/97/10/97107947.jpg, https://photos2.spareroom.co.uk/images/flatshare/listings/square/97/10/97107950.jpg, https://photos2.spareroom.co.uk/images/flatshare/listings/square/97/10/97107952.jpg, https://photos2.spareroom.co.uk/images/flatshare/listings/square/97/10/97107954.jpg, https://photos2.spareroom.co.uk/images/flatshare/listings/square/97/10/97107953.jpg, https://photos2.spareroom.co.uk/images/flatshare/listings/square/97/10/97107955.jpg, https://photos2.spareroom.co.uk/images/flatshare/listings/square/97/10/97107956.jpg, https://photos2.spareroom.co.uk/images/flatshare/listings/square/97/10/97107957.jpg, https://photos2.spareroom.co.uk/images/flatshare/listings/square/97/10/97107958.jpg, https://photos2.spareroom.co.uk/images/flatshare/listings/square/97/10/97107959.jpg, https://photos2.spareroom.co.uk/images/flatshare/listings/square/97/10/97107960.jpg, https://photos2.spareroom.co.uk/images/flatshare/listings/square/82/15/82155690.jpg, https://assets.spareroom.co.uk/images/spareroom/v4/search/list/DLR_14x11.png",Free tocontact,Pisoria Ltd,Bills Included,,,No,Now,Yes,Yes,Yes,No,,,,,,No,Furnished,No,Yes,Female,shared,,None,,None,,,Available to all,No,No,£950 pcm,No,double,Yes,No,4,
https://www.spareroom.co.uk/flatshare/london/hornsey_lane/17892661?utm_source=copy_link&utm_medium=social_share&utm_campaign=advert_share,Selection Of Studio Flats London N6 (Lin),Hornsey Lane,51.5695803,-0.141061,,"Flat
        
        to rentHornsey LaneN6Area infoArchway StationTube map10-15 minutes walk awayView on map£1,450 pcm(whole property)This ad is for a Studio flatAvailabilityAvailableNowMinimum term12 monthsMaximum termNoneExtra costSecurity deposit£500.00AmenitiesFurnishingsFurnishedParkingNoGarag...",Studio,now,17,https://photos2.spareroom.co.uk/images/flatshare/listings/large/96/83/96838862.jpg,"https://photos2.spareroom.co.uk/images/flatshare/listings/large/96/83/96838862.jpg, https://photos2.spareroom.co.uk/images/flatshare/listings/square/96/83/96838863.jpg, https://photos2.spareroom.co.uk/images/flatshare/listings/square/96/83/96838864.jpg, https://photos2.spareroom.co.uk/images/flatshare/listings/square/96/83/96838865.jpg, https://photos2.spareroom.co.uk/images/flatshare/listings/square/96/83/96838867.jpg, https://photos2.spareroom.co.uk/images/flatshare/listings/square/96/83/96838869.jpg, https://photos2.spareroom.co.uk/images/flatshare/listings/square/96/83/96838898.jpg, https://photos2.spareroom.co.uk/images/flatshare/listings/square/96/83/96838899.jpg, https://photos2.spareroom.co.uk/images/flatshare/listings/square/96/83/96838900.jpg, https://photos2.spareroom.co.uk/images/flatshare/listings/square/96/83/96838903.jpg, https://photos2.spareroom.co.uk/images/flatshare/listings/square/96/83/96838904.jpg, https://photos2.spareroom.co.uk/images/flatshare/listings/square/96/83/96838905.jpg, https://photos2.spareroom.co.uk/images/flatshare/listings/square/96/83/96838907.jpg, https://photos2.spareroom.co.uk/images/flatshare/listings/square/96/83/96838908.jpg, https://photos2.spareroom.co.uk/images/flatshare/listings/square/96/83/96838910.jpg, https://photos2.spareroom.co.uk/images/flatshare/listings/square/96/83/96838911.jpg, https://assets.spareroom.co.uk/images/spareroom/v4/search/list/TUBE_14x11.png",Free tocontact,North Kensington Property Consultants,"Parking, Furnished",,,,Now,No,,,,,,,,,No,Furnished,No,Yes,,own,,None,,12 months,,,Available to all,No,No,,Yes,,Yes,,,
https://www.spareroom.co.uk/flatshare/greater_london/greenford/16747650?utm_source=copy_link&utm_medium=social_share&utm_campaign=advert_share,2 X  Rooms To Let Greenford Middlesex  (Mans),N/A,51.52637993,-0.358723751,£630 pcm,House shareGreenfordUB6Area infoSouth Greenford StationTube map10-15 minutes walk awayView on map£630 pcmsingleAvailabilityAvailableNowMinimum term6 monthsMaximum termNoneExtra costDeposit£630.00Bills included?YesAmenitiesFurnishingsFurnishedParkingYesGarageNoGarden/patioYesBalcony/roof terraceNoDis...,Room,now,7,https://photos2.spareroom.co.uk/images/flatshare/listings/large/88/19/88196237.jpg,"https://photos2.spareroom.co.uk/images/flatshare/listings/large/88/19/88196237.jpg, https://photos2.spareroom.co.uk/images/flatshare/listings/square/88/19/88196238.jpg, https://photos2.spareroom.co.uk/images/flatshare/listings/square/88/19/88196239.jpg, https://photos2.spareroom.co.uk/images/flatshare/listings/square/88/19/88196240.jpg, https://photos2.spareroom.co.uk/images/flatshare/listings/square/88/19/88196241.jpg, https://photos2.spareroom.co.uk/images/flatshare/listings/square/88/19/88196243.jpg, https://assets.spareroom.co.uk/images/spareroom/v4/search/list/BR_14x11.png",Free tocontact,North Kensington Property Consultants,"Parking, Garden, Balcony, Bills Included, Furnished",,,No,Now,No,Yes,Yes,No,£630.00,,,,,No,Furnished,No,Yes,"1 Female, 2 Males",shared,,None,,6 months,,,Available to all,Yes,No,£630 pcm,Yes,single,Yes,No,3,
https://www.spareroom.co.uk/flatshare/london/north_kensington/11126200?utm_source=copy_link&utm_medium=social_share&utm_campaign=advert_share,"Medium Size Room, North Kensington (Dalgarno)",North Kensington,51.52224147,-0.223430054,£760 pcm,Flat shareNorth KensingtonW10Area infoLadbroke Grove StationTube map15-20 minutes walk awayView on map£760 pcmsingleAvailabilityAvailableNowMinimum term6 monthsMaximum termNoneShort lets consideredExtra costDeposit£0.00Bills included?YesAmenitiesFurnishingsFurnishedParkingNoGarageNoGarden/patioNoBal...,Room,now,11,https://photos2.spareroom.co.uk/images/flatshare/listings/large/51/42/51426625.jpg,"https://photos2.spareroom.co.uk/images/flatshare/listings/large/51/42/51426625.jpg, https://photos2.spareroom.co.uk/images/flatshare/listings/square/51/42/51426643.jpg, https://photos2.spareroom.co.uk/images/flatshare/listings/square/51/42/51426652.jpg, https://photos2.spareroom.co.uk/images/flatshare/listings/square/51/42/51426661.jpg, https://photos2.spareroom.co.uk/images/flatshare/listings/square/51/42/51426682.jpg, https://photos2.spareroom.co.uk/images/flatshare/listings/square/51/42/51426709.jpg, https://photos2.spareroom.co.uk/images/flatshare/listings/square/91/22/91224306.jpg, https://photos2.spareroom.co.uk/images/flatshare/listings/square/91/22/91224307.jpg, https://photos2.spareroom.co.uk/images/flatshare/listings/square/91/22/91224310.jpg, https://photos2.spareroom.co.uk/images/flatshare/listings/square/91/22/91224311.jpg, https://assets.spareroom.co.uk/images/spareroom/v4/search/list/TUBE_14x11.png",Free tocontact,North Kensington Property Consultants,"Parking, Garden, Bills Included, Furnished",,,No,Now,No,Yes,Yes,No,£0.00,,,,,No,Furnished,No,No,"1 Female, 1 Male",shared,,None,,6 months,,,Available to all,No,No,£760 pcm,No,single,No,No,2,
https://www.spareroom.co.uk/flatshare/london/cricklewood/17919999?utm_source=copy_link&utm_medium=social_share&utm_campaign=advert_share,Double Room Cricklewood NW2 (Han),Cricklewood,51.5610386,-0.2139921,£775 pcm,House shareCricklewoodNW2Area infoCricklewood StationTube map5-10 minutes walk awayView on map£775 pcmdoubleAvailabilityAvailableNowMinimum term3 monthsMaximum termNoneExtra costDeposit£775.00Bills included?YesAmenitiesFurnishingsFurnishedParkingYesGarageNoGarden/patioNoBalcony/roof terraceNoDisable...,Room,now,9,https://photos2.spareroom.co.uk/images/flatshare/listings/large/97/06/97062847.jpg,"https://photos2.spareroom.co.uk/images/flatshare/listings/large/97/06/97062847.jpg, https://photos2.spareroom.co.uk/images/flatshare/listings/square/97/06/97062850.jpg, https://photos2.spareroom.co.uk/images/flatshare/listings/square/97/06/97062851.jpg, https://photos2.spareroom.co.uk/images/flatshare/listings/square/97/06/97062852.jpg, https://photos2.spareroom.co.uk/images/flatshare/listings/square/97/06/97062853.jpg, https://photos2.spareroom.co.uk/images/flatshare/listings/square/97/06/97062856.jpg, https://photos2.spareroom.co.uk/images/flatshare/listings/square/97/06/97062857.jpg, https://photos2.spareroom.co.uk/images/flatshare/listings/square/97/06/97062858.jpg, https://assets.spareroom.co.uk/images/spareroom/v4/search/list/BR_14x11.png",Free tocontact,North Kensington Property Consultants,"Parking, Garden, Balcony, Bills Included, Furnished",,,No,Now,No,Yes,Yes,No,£775.00,,,,,No,Furnished,No,No,"1 Female, 1 Male",shared,,None,,3 months,,,Available to all,Yes,No,£775 pcm,Yes,double,No,No,3,
https://www.spareroom.co.uk/flatshare/greater_london/kingsbury/7962130?utm_source=copy_link&utm_medium=social_share&utm_campaign=advert_share,"Ensuite Double Bedsit, Kingsbury, HA3 (St.P)",N/A,51.58776687,-0.287943101,£875 pcm,"House shareKingsburyHA3Area infoKingsbury StationTube map10-15 minutes walk awayView on map£875 pcmdouble En suiteAvailabilityAvailable31 Aug 2025Minimum term12 monthsMaximum termNoneExtra costDeposit£1,005.00Bills included?YesAmenitiesFurnishingsFurnishedParkingYesGarageNoGarden/patioYesBalcony/roo...",House,N/A,17,https://photos2.spareroom.co.uk/images/flatshare/listings/large/92/09/92093510.jpg,"https://photos2.spareroom.co.uk/images/flatshare/listings/large/92/09/92093510.jpg, https://photos2.spareroom.co.uk/images/flatshare/listings/square/92/09/92093512.jpg, https://photos2.spareroom.co.uk/images/flatshare/listings/square/92/09/92093511.jpg, https://photos2.spareroom.co.uk/images/flatshare/listings/square/92/09/92093516.jpg, https://photos2.spareroom.co.uk/images/flatshare/listings/square/92/10/92109486.jpg, https://photos2.spareroom.co.uk/images/flatshare/listings/square/92/10/92109487.jpg, https://photos2.spareroom.co.uk/images/flatshare/listings/square/92/10/92109488.jpg, https://photos2.spareroom.co.uk/images/flatshare/listings/square/92/10/92109490.jpg, https://photos2.spareroom.co.uk/images/flatshare/listings/square/92/10/92109491.jpg, https://photos2.spareroom.co.uk/images/flatshare/listings/square/95/33/95335967.jpg, https://photos2.spareroom.co.uk/images/flatshare/listings/square/95/33/95335966.jpg, https://photos2.spareroom.co.uk/images/flatshare/listings/square/95/33/95335968.jpg, https://photos2.spareroom.co.uk/images/flatshare/listings/square/95/33/95335969.jpg, https://photos2.spareroom.co.uk/images/flatshare/listings/square/95/33/95335970.jpg, https://photos2.spareroom.co.uk/images/flatshare/listings/square/95/33/95335971.jpg, https://photos2.spareroom.co.uk/images/flatshare/listings/square/95/33/95335972.jpg, https://assets.spareroom.co.uk/images/spareroom/v4/search/list/TUBE_14x11.png",Free tocontact,North Kensington Property Consultants,"Parking, Garden, Balcony, Ensuite, Bills Included, Furnished",,,No,31-Aug-25,No,Yes,Yes,No,"£1,005.00",,,,,No,Furnished,No,Yes,"1 Female, 1 Male",No,,None,,12 months,,,Available to all,Yes,No,£875 pcm,Yes,double En suite,Yes,No,3,
https://www.spareroom.co.uk/flatshare/greater_london/hillingdon/17830286?utm_source=copy_link&utm_medium=social_share&utm_campaign=advert_share,Double Room Hillingdon UB10 (Mish),N/A,51.5396122,-0.4523489,£710 pcm,House shareHillingdonUB10Area infoHillingdon StationTube map5-10 minutes walk awayView on map£710 pcmdoubleAvailabilityAvailableNowMinimum term6 monthsMaximum termNoneExtra costDeposit£710.00Bills included?YesAmenitiesFurnishingsFurnishedParkingYesGarageNoGarden/patioYesBalcony/roof terraceNoDisable...,Room,now,4,https://photos2.spareroom.co.uk/images/flatshare/listings/large/96/31/96313643.jpg,"https://photos2.spareroom.co.uk/images/flatshare/listings/large/96/31/96313643.jpg, https://photos2.spareroom.co.uk/images/flatshare/listings/square/96/31/96313644.jpg, https://photos2.spareroom.co.uk/images/flatshare/listings/square/96/31/96313645.jpg, https://assets.spareroom.co.uk/images/spareroom/v4/search/list/TUBE_14x11.png",Free tocontact,North Kensington Property Consultants,"Parking, Garden, Balcony, Bills Included, Furnished",,,No,Now,No,Yes,Yes,No,£710.00,,,,,No,Furnished,No,Yes,"1 Female, 1 Male",shared,,None,,6 months,,,Available to all,Yes,No,£710 pcm,Yes,double,Yes,No,3,
https://www.spareroom.co.uk/flatshare/london/harlesden/17528827?utm_source=copy_link&utm_medium=social_share&utm_campaign=advert_share,1 Bed Flat Harlesden NW10 (Winch),Harlesden,51.5380785,-0.2576333,,"Flat
        
        to rentHarlesdenNW10Area infoHarlesden StationTube map15-20 minutes walk awayView on map£1,250 pcm(whole property)This ad is for a 1 bed flatAvailabilityAvailable13 Sep 2025Minimum term12 monthsMaximum termNoneExtra costSecurity deposit£1,250.00AmenitiesFurnishingsFurnishedPark...",Flat,N/A,8,https://photos2.spareroom.co.uk/images/flatshare/listings/large/93/76/93767567.jpg,"https://photos2.spareroom.co.uk/images/flatshare/listings/large/93/76/93767567.jpg, https://photos2.spareroom.co.uk/images/flatshare/listings/square/93/76/93767568.jpg, https://photos2.spareroom.co.uk/images/flatshare/listings/square/93/76/93767569.jpg, https://photos2.spareroom.co.uk/images/flatshare/listings/square/93/76/93767570.jpg, https://photos2.spareroom.co.uk/images/flatshare/listings/square/93/76/93767571.jpg, https://photos2.spareroom.co.uk/images/flatshare/listings/square/93/76/93767572.jpg, https://assets.spareroom.co.uk/images/spareroom/v4/search/list/TUBE_14x11.png, https://assets.spareroom.co.uk/images/spareroom/v4/search/list/LDNOG_14x11.png",Free tocontact,North Kensington Property Consultants,Furnished,,,,13-Sep-25,Yes,,,,,,,,,No,Furnished,No,No,,own,,None,,12 months,,,Available to all,No,No,,Yes,,Yes,,,
https://www.spareroom.co.uk/flatshare/greater_london/rayners_lane/17746399?utm_source=copy_link&utm_medium=social_share&utm_campaign=advert_share,Double Room Rayners Lane Harrow Middx (Ove),N/A,51.5717714,-0.375397,£800 pcm,House shareRayners LaneHA2Area infoRayners Lane StationTube map5-10 minutes walk awayView on map£800 pcmdoubleAvailabilityAvailableNowMinimum term6 monthsMaximum termNoneExtra costDeposit£800.00Bills included?YesAmenitiesFurnishingsFurnishedParkingYesGarageNoGarden/patioYesBalcony/roof terraceNoDisa...,Room,now,8,https://photos2.spareroom.co.uk/images/flatshare/listings/large/95/60/95604041.jpg,"https://photos2.spareroom.co.uk/images/flatshare/listings/large/95/60/95604041.jpg, https://photos2.spareroom.co.uk/images/flatshare/listings/square/95/60/95604042.jpg, https://photos2.spareroom.co.uk/images/flatshare/listings/square/95/60/95604043.jpg, https://photos2.spareroom.co.uk/images/flatshare/listings/square/95/60/95604044.jpg, https://photos2.spareroom.co.uk/images/flatshare/listings/square/95/60/95604045.jpg, https://photos2.spareroom.co.uk/images/flatshare/listings/square/95/60/95604046.jpg, https://photos2.spareroom.co.uk/images/flatshare/listings/square/95/60/95604079.jpg, https://assets.spareroom.co.uk/images/spareroom/v4/search/list/TUBE_14x11.png",Free tocontact,North Kensington Property Consultants,"Parking, Garden, Balcony, Bills Included, Furnished",,,No,Now,No,Yes,Yes,No,£800.00,,,,,No,Furnished,No,Yes,"1 Female, 2 Males",No,,None,,6 months,,,Available to all,Yes,No,£800 pcm,Yes,double,Yes,No,3,
https://www.spareroom.co.uk/flatshare/greater_london/alperton/15924499?utm_source=copy_link&utm_medium=social_share&utm_campaign=advert_share,Double Ensuite Bedsit Alperton Wembley (Wood),N/A,51.53943755,-0.293232909,£985 pcm,House shareAlpertonHA0Area infoAlperton StationTube map5-10 minutes walk awayView on map£985 pcmdouble En suiteAvailabilityAvailableNowMinimum term12 monthsMaximum termNoneExtra costDeposit£985.00Bills included?YesAmenitiesFurnishingsFurnishedParkingNoGarageNoGarden/patioYesBalcony/roof terraceNoDis...,House,now,17,https://photos2.spareroom.co.uk/images/flatshare/listings/large/82/27/82278455.jpg,"https://photos2.spareroom.co.uk/images/flatshare/listings/large/82/27/82278455.jpg, https://photos2.spareroom.co.uk/images/flatshare/listings/square/83/96/83964877.jpg, https://photos2.spareroom.co.uk/images/flatshare/listings/square/83/96/83964878.jpg, https://photos2.spareroom.co.uk/images/flatshare/listings/square/83/96/83964879.jpg, https://photos2.spareroom.co.uk/images/flatshare/listings/square/84/18/84187297.jpg, https://photos2.spareroom.co.uk/images/flatshare/listings/square/84/18/84187300.jpg, https://photos2.spareroom.co.uk/images/flatshare/listings/square/84/18/84187301.jpg, https://photos2.spareroom.co.uk/images/flatshare/listings/square/84/18/84187307.jpg, https://photos2.spareroom.co.uk/images/flatshare/listings/square/93/00/93003323.jpg, https://photos2.spareroom.co.uk/images/flatshare/listings/square/93/00/93003324.jpg, https://photos2.spareroom.co.uk/images/flatshare/listings/square/93/00/93003325.jpg, https://photos2.spareroom.co.uk/images/flatshare/listings/square/93/00/93003327.jpg, https://photos2.spareroom.co.uk/images/flatshare/listings/square/93/00/93003329.jpg, https://photos2.spareroom.co.uk/images/flatshare/listings/square/93/00/93003330.jpg, https://photos2.spareroom.co.uk/images/flatshare/listings/square/93/00/93003331.jpg, https://photos2.spareroom.co.uk/images/flatshare/listings/square/93/00/93003332.jpg, https://assets.spareroom.co.uk/images/spareroom/v4/search/list/TUBE_14x11.png",Free tocontact,North Kensington Property Consultants,"Parking, Garden, Balcony, Ensuite, Bills Included, Furnished",,,,Now,No,Yes,No,No,£985.00,,,,,No,Furnished,No,Yes,,No,,None,,12 months,,,Available to all,No,No,£985 pcm,Yes,double En suite,Yes,,,
https://www.spareroom.co.uk/flatshare/london/cricklewood/17427538?utm_source=copy_link&utm_medium=social_share&utm_campaign=advert_share,Studio Flat Cricklewood NW2 (Pine),Cricklewood,51.5573618,-0.2183064,,"Flat
        
        to rentCricklewoodNW2Area infoCricklewood StationTube map5-10 minutes walk awayView on map£1,400 pcm(whole property)This ad is for a Studio flatAvailabilityAvailableNowMinimum term12 monthsMaximum termNoneExtra costSecurity deposit£1,400.00AmenitiesFurnishingsFurnishedParkingNo...",Studio,now,6,https://photos2.spareroom.co.uk/images/flatshare/listings/large/92/97/92973864.jpg,"https://photos2.spareroom.co.uk/images/flatshare/listings/large/92/97/92973864.jpg, https://photos2.spareroom.co.uk/images/flatshare/listings/square/92/97/92973865.jpg, https://photos2.spareroom.co.uk/images/flatshare/listings/square/92/97/92973866.jpg, https://photos2.spareroom.co.uk/images/flatshare/listings/square/92/97/92973867.jpg, https://photos2.spareroom.co.uk/images/flatshare/listings/square/92/97/92973868.jpg, https://assets.spareroom.co.uk/images/spareroom/v4/search/list/BR_14x11.png",Free tocontact,North Kensington Property Consultants,"Parking, Furnished",,,,Now,No,,,,,,,,,No,Furnished,No,Yes,,own,,None,,12 months,,,Available to all,No,No,,Yes,,No,,,
