url,title,location,latitude,longitude,price,description,property_type,available_date,photo_count,first_photo_url,all_photos,contact_info,management_company,amenities
https://www.spareroom.co.uk/flatshare/london/finsbury_park/17912019,5 Double Rooms Manor House- Parking,Finsbury Park,51.5767549,-0.1038943,,House shareFinsbury ParkN4Area infoManor House StationTube map5-10 minutes walk awayView on map¬£825 pcmdouble¬£900 pcmdouble¬£875 pcmdouble¬£900 pcmdouble¬£875 pcmdoubleAvailabilityAvailableNowMinimum termNoneMaximum termNoneExtra costDeposit(Room 1)¬£825.00Deposit(Room 2)¬£900.00Deposit(Room 3)¬£875.00Dep...,Room,now,10,https://photos2.spareroom.co.uk/images/flatshare/listings/large/97/01/97017033.jpg,"https://photos2.spareroom.co.uk/images/flatshare/listings/large/97/01/97017033.jpg, https://photos2.spareroom.co.uk/images/flatshare/listings/square/97/01/97017044.jpg, https://photos2.spareroom.co.uk/images/flatshare/listings/square/97/01/97017032.jpg, https://photos2.spareroom.co.uk/images/flatshare/listings/square/97/01/97017034.jpg, https://photos2.spareroom.co.uk/images/flatshare/listings/square/97/01/97017035.jpg, https://photos2.spareroom.co.uk/images/flatshare/listings/square/97/01/97017037.jpg, https://photos2.spareroom.co.uk/images/flatshare/listings/square/97/01/97017036.jpg, https://photos2.spareroom.co.uk/images/flatshare/listings/square/97/01/97017038.jpg, https://photos2.spareroom.co.uk/images/flatshare/listings/square/97/01/97017053.jpg, https://assets.spareroom.co.uk/images/spareroom/v4/search/list/TUBE_14x11.png",Free tocontact,,Parking
https://www.spareroom.co.uk/flatshare/london/wandsworth_road/17917106,2 Amazing Rooms in Battersea!! Av. from September,Wandsworth Road,51.4710509,-0.1412682,,"Flat shareWandsworth RoadSW8Area infoWandsworth Road StationTube map0-5 minutes walk awayView on map¬£1,083 pcmdouble¬£1,083 pcmdoubleAvailabilityAvailable01 Sep 2025Minimum term12 monthsMaximum termNoneExtra costDeposit(Room 1)¬£1,083.00Deposit(Room 2)¬£1,083.00Bills included?SomeAmenitiesFurnishingsFu...",Room,,10,https://photos2.spareroom.co.uk/images/flatshare/listings/large/97/03/97038664.jpg,"https://photos2.spareroom.co.uk/images/flatshare/listings/large/97/03/97038664.jpg, https://photos2.spareroom.co.uk/images/flatshare/listings/square/97/03/97038662.jpg, https://photos2.spareroom.co.uk/images/flatshare/listings/square/97/03/97038668.jpg, https://photos2.spareroom.co.uk/images/flatshare/listings/square/97/03/97038675.jpg, https://photos2.spareroom.co.uk/images/flatshare/listings/square/97/03/97038677.jpg, https://photos2.spareroom.co.uk/images/flatshare/listings/square/97/03/97038683.jpg, https://photos2.spareroom.co.uk/images/flatshare/listings/square/97/03/97038685.jpg, https://photos2.spareroom.co.uk/images/flatshare/listings/square/97/03/97038687.jpg, https://assets.spareroom.co.uk/images/spareroom/v4/search/list/LDNOG_14x11.png, https://assets.spareroom.co.uk/images/spareroom/v4/search/list/BR_14x11.png",Free tocontact,UK London Flat,Bills Included
https://www.spareroom.co.uk/flatshare/london/canada_water/17890557,3 Bed 2 Bath on Rotherhithe Street SE16,Canada Water,51.5061388,-0.0352665,,"House
        to rentCanada WaterSE16Area infoCanada Water StationTube map10-15 minutes walk awayView on map¬£3,500 pcm(whole property)This ad is for a 3 bed house
        
          and is not available by the room.Why notbuddy up?Find potential buddy ups to share this property withFind out more ¬ªSu...",Room,,20,https://photos2.spareroom.co.uk/images/flatshare/listings/square/96/82/96821434.jpg,"https://photos2.spareroom.co.uk/images/flatshare/listings/square/96/82/96821434.jpg, https://photos2.spareroom.co.uk/images/flatshare/listings/square/96/82/96821398.jpg, https://photos2.spareroom.co.uk/images/flatshare/listings/square/96/82/96821399.jpg, https://photos2.spareroom.co.uk/images/flatshare/listings/square/96/82/96821403.jpg, https://photos2.spareroom.co.uk/images/flatshare/listings/square/96/82/96821401.jpg, https://photos2.spareroom.co.uk/images/flatshare/listings/square/96/82/96821405.jpg, https://photos2.spareroom.co.uk/images/flatshare/listings/square/96/82/96821421.jpg, https://photos2.spareroom.co.uk/images/flatshare/listings/square/96/82/96821420.jpg, https://photos2.spareroom.co.uk/images/flatshare/listings/square/96/82/96821432.jpg, https://photos2.spareroom.co.uk/images/flatshare/listings/square/96/82/96821453.jpg, https://photos2.spareroom.co.uk/images/flatshare/listings/square/96/82/96821433.jpg, https://photos2.spareroom.co.uk/images/flatshare/listings/square/96/82/96821435.jpg, https://photos2.spareroom.co.uk/images/flatshare/listings/square/96/82/96821464.jpg, https://photos2.spareroom.co.uk/images/flatshare/listings/square/96/82/96821465.jpg, https://photos2.spareroom.co.uk/images/flatshare/listings/square/96/82/96824355.jpg, https://photos2.spareroom.co.uk/images/flatshare/listings/square/97/15/97150683.jpg, https://photos2.spareroom.co.uk/images/flatshare/listings/square/95/42/95423385.jpg, https://photos2.spareroom.co.uk/images/flatshare/listings/square/69/74/69741784.jpg, https://assets.spareroom.co.uk/images/spareroom/v4/search/list/TUBE_14x11.png, https://assets.spareroom.co.uk/images/spareroom/v4/search/list/LDNOG_14x11.png",Free tocontact,JD Corp Management,
https://www.spareroom.co.uk/flatshare/london/mile_end/17925584,üÜïCo-Living|2 Rooms|Bills Inc. Safe Agency,Mile End,51.529197278543,-0.0278899369154035,,"Flat shareMile EndE3Area infoBow Road StationTube map0-5 minutes walk awayView on map¬£1,030 pcmdouble¬£978 pcmdoubleAvailabilityAvailableNowMinimum termNoneMaximum termNoneExtra costDeposit(Room 1)¬£0.00Deposit(Room 2)¬£0.00Bills included?YesAmenitiesFurnishingsFurnishedParkingNoGarageNoGarden/patioYes...",Room,now,10,https://photos2.spareroom.co.uk/images/flatshare/listings/square/97/10/97108004.jpg,"https://photos2.spareroom.co.uk/images/flatshare/listings/square/97/10/97108004.jpg, https://photos2.spareroom.co.uk/images/flatshare/listings/square/97/10/97108003.jpg, https://photos2.spareroom.co.uk/images/flatshare/listings/square/97/10/97107997.jpg, https://photos2.spareroom.co.uk/images/flatshare/listings/square/97/10/97107995.jpg, https://photos2.spareroom.co.uk/images/flatshare/listings/square/97/10/97107996.jpg, https://photos2.spareroom.co.uk/images/flatshare/listings/square/97/10/97107998.jpg, https://photos2.spareroom.co.uk/images/flatshare/listings/square/97/10/97107999.jpg, https://photos2.spareroom.co.uk/images/flatshare/listings/square/97/10/97108000.jpg, https://photos2.spareroom.co.uk/images/flatshare/listings/square/82/15/82155690.jpg, https://assets.spareroom.co.uk/images/spareroom/v4/search/list/TUBE_14x11.png",Free tocontact,Pisoria Ltd,"Parking, Garden, Bills Included, Furnished"
https://www.spareroom.co.uk/flatshare/london/north_kensington/17678865,Double Bedsit North Kensington W10 (Yarr),North Kensington,51.5224454,-0.2245203,,Flat shareNorth KensingtonW10Area infoLadbroke Grove StationTube map15-20 minutes walk awayView on map¬£850 pcmdoubleAvailabilityAvailableNowMinimum term6 monthsMaximum termNoneExtra costDeposit¬£850.00Bills included?SomeAmenitiesFurnishingsFurnishedParkingNoGarageNoGarden/patioNoBalcony/roof terraceY...,Flat,now,3,https://photos2.spareroom.co.uk/images/flatshare/listings/large/95/02/95021099.jpg,"https://photos2.spareroom.co.uk/images/flatshare/listings/large/95/02/95021099.jpg, https://photos2.spareroom.co.uk/images/flatshare/listings/square/95/02/95021100.jpg, https://assets.spareroom.co.uk/images/spareroom/v4/search/list/TUBE_14x11.png",Free tocontact,North Kensington Property Consultants,"Parking, Garden, Balcony, Bills Included, Furnished"
https://www.spareroom.co.uk/flatshare/london/stratford/16971312,‚ú® Cosy Room in Stratford From September ‚ú®,Stratford,51.5422313,0.0153501,,House shareStratfordE15Area infoMaryland StationTube map10-15 minutes walk awayView on map¬£850 pcmdoubleAvailabilityAvailable01 Sep 2025Minimum term7 monthsMaximum termNoneExtra costDeposit¬£850.00Bills included?YesAmenitiesFurnishingsFurnishedParkingNoGarageNoGarden/patioYesBalcony/roof terraceNoDis...,Room,,8,https://photos2.spareroom.co.uk/images/flatshare/listings/square/89/49/89499635.jpg,"https://photos2.spareroom.co.uk/images/flatshare/listings/square/89/49/89499635.jpg, https://photos2.spareroom.co.uk/images/flatshare/listings/square/89/49/89499636.jpg, https://photos2.spareroom.co.uk/images/flatshare/listings/square/89/49/89499637.jpg, https://photos2.spareroom.co.uk/images/flatshare/listings/square/89/49/89499647.jpg, https://photos2.spareroom.co.uk/images/flatshare/listings/square/89/49/89499648.jpg, https://photos2.spareroom.co.uk/images/flatshare/listings/square/89/49/89499649.jpg, https://photos2.spareroom.co.uk/images/flatshare/listings/square/95/09/95099242.jpg, https://assets.spareroom.co.uk/images/spareroom/v4/search/list/BR_14x11.png",Free tocontact,Banksia Limited,"Parking, Garden, Balcony, Bills Included, Furnished"
https://www.spareroom.co.uk/flatshare/greater_london/ilford/17933000,üè° Lovely Ensuite Room in Newbury Park ‚ú®,,51.5744522,0.0958892,,"House shareIlfordIG3Area infoNewbury Park StationTube map5-10 minutes walk awayView on map¬£1,100 pcmdouble En suiteAvailabilityAvailable01 Sep 2025Minimum term7 monthsMaximum termNoneExtra costDeposit¬£1,100.00Bills included?YesAmenitiesFurnishingsFurnishedParkingNoGarageNoGarden/patioYesBalcony/roof...",Room,,10,https://photos2.spareroom.co.uk/images/flatshare/listings/large/97/16/97168615.jpg,"https://photos2.spareroom.co.uk/images/flatshare/listings/large/97/16/97168615.jpg, https://photos2.spareroom.co.uk/images/flatshare/listings/square/97/16/97168616.jpg, https://photos2.spareroom.co.uk/images/flatshare/listings/square/97/16/97168617.jpg, https://photos2.spareroom.co.uk/images/flatshare/listings/square/97/16/97168614.jpg, https://photos2.spareroom.co.uk/images/flatshare/listings/square/97/16/97168612.jpg, https://photos2.spareroom.co.uk/images/flatshare/listings/square/97/16/97168613.jpg, https://photos2.spareroom.co.uk/images/flatshare/listings/square/97/16/97168610.jpg, https://photos2.spareroom.co.uk/images/flatshare/listings/square/97/16/97168611.jpg, https://photos2.spareroom.co.uk/images/flatshare/listings/square/95/09/95099242.jpg, https://assets.spareroom.co.uk/images/spareroom/v4/search/list/TUBE_14x11.png",Free tocontact,Banksia Limited,"Parking, Garden, Balcony, Ensuite, Bills Included, Furnished"
https://www.spareroom.co.uk/flatshare/london/manor_house/17903867,Huge Ensuite Room In Manor House- Zone 2,Manor House,51.5781389,-0.0971833,,"House shareManor HouseN4Area infoManor House StationTube map0-5 minutes walk awayView on map¬£1,000 pcmdouble En suiteAvailabilityAvailableNowMinimum term11 monthsMaximum termNoneShort lets consideredExtra costDeposit¬£1,000.00Bills included?YesAmenitiesFurnishingsFurnishedParkingYesGarageNoGarden/pat...",Room,now,10,https://photos2.spareroom.co.uk/images/flatshare/listings/large/97/19/97199879.jpg,"https://photos2.spareroom.co.uk/images/flatshare/listings/large/97/19/97199879.jpg, https://photos2.spareroom.co.uk/images/flatshare/listings/square/97/01/97017008.jpg, https://photos2.spareroom.co.uk/images/flatshare/listings/square/97/01/97017010.jpg, https://photos2.spareroom.co.uk/images/flatshare/listings/square/97/19/97199880.jpg, https://photos2.spareroom.co.uk/images/flatshare/listings/square/97/19/97199882.jpg, https://photos2.spareroom.co.uk/images/flatshare/listings/square/97/19/97199883.jpg, https://photos2.spareroom.co.uk/images/flatshare/listings/square/97/19/97199886.jpg, https://photos2.spareroom.co.uk/images/flatshare/listings/square/97/19/97199887.jpg, https://photos2.spareroom.co.uk/images/flatshare/listings/square/83/07/83075185.jpg, https://assets.spareroom.co.uk/images/spareroom/v4/search/list/TUBE_14x11.png",Free tocontact,COME TO LONDON LIMITED,"Parking, Garden, Ensuite, Bills Included, Furnished"
https://www.spareroom.co.uk/flatshare/london/manor_house/17934157,5 Double Rooms Manor House- Zone 2,Manor House,51.5785763,-0.1003114,,House shareManor HouseN4Area infoManor House StationTube map5-10 minutes walk awayView on map¬£800 pcmdouble¬£850 pcmdouble¬£825 pcmdouble¬£900 pcmdouble¬£875 pcmdoubleAvailabilityAvailableNowMinimum termNoneMaximum termNoneExtra costDeposit(Room 1)¬£800.00Deposit(Room 2)¬£850.00Deposit(Room 3)¬£825.00Depos...,Room,now,11,https://photos2.spareroom.co.uk/images/flatshare/listings/large/97/17/97178103.jpg,"https://photos2.spareroom.co.uk/images/flatshare/listings/large/97/17/97178103.jpg, https://photos2.spareroom.co.uk/images/flatshare/listings/square/97/17/97178092.jpg, https://photos2.spareroom.co.uk/images/flatshare/listings/square/97/17/97178094.jpg, https://photos2.spareroom.co.uk/images/flatshare/listings/square/97/17/97178102.jpg, https://photos2.spareroom.co.uk/images/flatshare/listings/square/97/17/97178106.jpg, https://photos2.spareroom.co.uk/images/flatshare/listings/square/97/17/97178105.jpg, https://photos2.spareroom.co.uk/images/flatshare/listings/square/97/17/97178107.jpg, https://photos2.spareroom.co.uk/images/flatshare/listings/square/97/17/97178141.jpg, https://photos2.spareroom.co.uk/images/flatshare/listings/square/97/17/97178142.jpg, https://photos2.spareroom.co.uk/images/flatshare/listings/square/83/07/83075185.jpg, https://assets.spareroom.co.uk/images/spareroom/v4/search/list/TUBE_14x11.png",Free tocontact,COME TO LONDON LIMITED,
https://www.spareroom.co.uk/flatshare/london/seven_sisters/16754935,Double Room In Seven Sisters Station,Seven Sisters,51.5829118993446,-0.0860454491774645,,Flat shareSeven SistersN15Area infoSeven Sisters StationTube map5-10 minutes walk awayView on map¬£850 pcmdoubleAvailabilityAvailableNowMinimum term2 monthsMaximum termNoneExtra costDeposit¬£850.00Bills included?YesAmenitiesFurnishingsFurnishedParkingNoGarageNoGarden/patioYesBalcony/roof terraceYesDis...,Room,now,11,https://photos2.spareroom.co.uk/images/flatshare/listings/large/96/73/96734720.jpg,"https://photos2.spareroom.co.uk/images/flatshare/listings/large/96/73/96734720.jpg, https://photos2.spareroom.co.uk/images/flatshare/listings/square/88/11/88118925.jpg, https://photos2.spareroom.co.uk/images/flatshare/listings/square/88/11/88118928.jpg, https://photos2.spareroom.co.uk/images/flatshare/listings/square/88/11/88118926.jpg, https://photos2.spareroom.co.uk/images/flatshare/listings/square/88/11/88118927.jpg, https://photos2.spareroom.co.uk/images/flatshare/listings/square/96/73/96734723.jpg, https://photos2.spareroom.co.uk/images/flatshare/listings/square/96/73/96734724.jpg, https://photos2.spareroom.co.uk/images/flatshare/listings/square/96/73/96734729.jpg, https://photos2.spareroom.co.uk/images/flatshare/listings/square/83/07/83075185.jpg, https://assets.spareroom.co.uk/images/spareroom/v4/search/list/TUBE_14x11.png, https://assets.spareroom.co.uk/images/spareroom/v4/search/list/BR_14x11.png",Free tocontact,COME TO LONDON LIMITED,"Parking, Garden, Balcony, Bills Included, Furnished"
https://www.spareroom.co.uk/flatshare/london/clapham_junction/17935641,"Stunning 3-bed FLAT, 5 min From the Station!!!",Clapham Junction,51.4668451,-0.1706085,,"Flat
        
        to rentClapham JunctionSW11Area infoClapham Junction StationTube map0-5 minutes walk awayView on map¬£3,300 pcm(whole property)This ad is for a 3 bed flat
        
          and is not available by the room.Why notbuddy up?Find potential buddy ups to share this property withFind...",Room,,24,https://photos2.spareroom.co.uk/images/flatshare/listings/large/97/19/97190061.jpg,"https://photos2.spareroom.co.uk/images/flatshare/listings/large/97/19/97190061.jpg, https://photos2.spareroom.co.uk/images/flatshare/listings/square/97/19/97190069.jpg, https://photos2.spareroom.co.uk/images/flatshare/listings/square/97/19/97190070.jpg, https://photos2.spareroom.co.uk/images/flatshare/listings/square/97/19/97190064.jpg, https://photos2.spareroom.co.uk/images/flatshare/listings/square/97/19/97190067.jpg, https://photos2.spareroom.co.uk/images/flatshare/listings/square/97/19/97190103.jpg, https://photos2.spareroom.co.uk/images/flatshare/listings/square/97/19/97190066.jpg, https://photos2.spareroom.co.uk/images/flatshare/listings/square/97/19/97190068.jpg, https://photos2.spareroom.co.uk/images/flatshare/listings/square/97/19/97190062.jpg, https://photos2.spareroom.co.uk/images/flatshare/listings/square/97/19/97190102.jpg, https://photos2.spareroom.co.uk/images/flatshare/listings/square/97/19/97190063.jpg, https://photos2.spareroom.co.uk/images/flatshare/listings/square/96/98/96987188.jpg, https://photos2.spareroom.co.uk/images/flatshare/listings/square/97/09/97096508.jpg, https://photos2.spareroom.co.uk/images/flatshare/listings/square/92/10/92106080.jpg, https://photos2.spareroom.co.uk/images/flatshare/listings/square/96/88/96889087.jpg, https://photos2.spareroom.co.uk/images/flatshare/listings/square/96/65/96658385.jpg, https://photos2.spareroom.co.uk/images/flatshare/listings/square/97/02/97024762.jpg, https://photos2.spareroom.co.uk/images/flatshare/listings/square/97/20/97202927.jpg, https://photos2.spareroom.co.uk/images/flatshare/listings/square/97/20/97200441.jpg, https://photos2.spareroom.co.uk/images/flatshare/listings/square/96/92/96920408.jpg, https://photos2.spareroom.co.uk/images/flatshare/listings/square/97/19/97192110.jpg, https://assets.spareroom.co.uk/img/spareroom/v4/icons/profilepic_unisex.gif, https://assets.spareroom.co.uk/images/spareroom/v4/search/list/LDNOG_14x11.png, https://assets.spareroom.co.uk/images/spareroom/v4/search/list/BR_14x11.png",Free tocontact,UK London Flat,
https://www.spareroom.co.uk/flatshare/london/battersea_park/17723035,Double room in a 3-bed Flat in Battersea Park!,Battersea Park,51.4733384,-0.1540054,,"Flat shareBattersea parkSW11Area infoBattersea Park StationTube map5-10 minutes walk awayView on map¬£1,083 pcmdoubleAvailabilityAvailable01 Sep 2025Minimum term12 monthsMaximum termNoneExtra costDeposit¬£1,083.00Bills included?SomeAmenitiesFurnishingsFurnishedParkingNoGarageNoGarden/patioNoBalcony/ro...",Room,,8,https://photos2.spareroom.co.uk/images/flatshare/listings/large/95/40/95404509.jpg,"https://photos2.spareroom.co.uk/images/flatshare/listings/large/95/40/95404509.jpg, https://photos2.spareroom.co.uk/images/flatshare/listings/square/95/40/95404510.jpg, https://photos2.spareroom.co.uk/images/flatshare/listings/square/95/40/95404516.jpg, https://photos2.spareroom.co.uk/images/flatshare/listings/square/95/40/95404513.jpg, https://photos2.spareroom.co.uk/images/flatshare/listings/square/95/40/95404519.jpg, https://photos2.spareroom.co.uk/images/flatshare/listings/square/95/40/95404530.jpg, https://photos2.spareroom.co.uk/images/flatshare/listings/square/95/40/95404529.jpg, https://assets.spareroom.co.uk/images/spareroom/v4/search/list/BR_14x11.png",Free tocontact,UK London Flat,"Parking, Garden, Balcony, Bills Included, Furnished"
https://www.spareroom.co.uk/flatshare/london/battersea_park/17914842,2 nice rooms in Battersea Park from Sept. 1st!!!!,Battersea Park,51.4752704,-0.1493482,,Flat shareBattersea parkSW11Area infoBattersea Park StationTube map0-5 minutes walk awayView on map¬£910 pcmdouble¬£910 pcmdoubleAvailabilityAvailable01 Sep 2025Minimum term12 monthsMaximum termNoneExtra costDeposit(Room 1)¬£910.00Deposit(Room 2)¬£910.00Bills included?SomeAmenitiesFurnishingsFurnishedPa...,Room,,11,https://photos2.spareroom.co.uk/images/flatshare/listings/large/97/02/97020359.jpg,"https://photos2.spareroom.co.uk/images/flatshare/listings/large/97/02/97020359.jpg, https://photos2.spareroom.co.uk/images/flatshare/listings/square/97/02/97020360.jpg, https://photos2.spareroom.co.uk/images/flatshare/listings/square/97/02/97020361.jpg, https://photos2.spareroom.co.uk/images/flatshare/listings/square/97/02/97020368.jpg, https://photos2.spareroom.co.uk/images/flatshare/listings/square/97/02/97020375.jpg, https://photos2.spareroom.co.uk/images/flatshare/listings/square/97/02/97020376.jpg, https://photos2.spareroom.co.uk/images/flatshare/listings/square/97/02/97020378.jpg, https://photos2.spareroom.co.uk/images/flatshare/listings/square/97/02/97020380.jpg, https://photos2.spareroom.co.uk/images/flatshare/listings/square/97/02/97020381.jpg, https://photos2.spareroom.co.uk/images/flatshare/listings/square/97/02/97020382.jpg, https://assets.spareroom.co.uk/images/spareroom/v4/search/list/BR_14x11.png",Free tocontact,UK London Flat,"Bills Included, Furnished"
https://www.spareroom.co.uk/flatshare/london/paddington/17911623,Amazing room in Paddington!!!Av. from September,Paddington,51.5210331,-0.1797389,,"Flat sharePaddingtonW2Area infoPaddington StationTube map5-10 minutes walk awayView on map¬£1,126 pcmdoubleAvailabilityAvailable01 Sep 2025Minimum term12 monthsMaximum termNoneExtra costDeposit¬£1,126.00Bills included?SomeAmenitiesFurnishingsFurnishedParkingNoGarageNoGarden/patioNoBalcony/roof terrace...",Room,,10,https://photos2.spareroom.co.uk/images/flatshare/listings/large/96/99/96994472.jpg,"https://photos2.spareroom.co.uk/images/flatshare/listings/large/96/99/96994472.jpg, https://photos2.spareroom.co.uk/images/flatshare/listings/square/96/99/96994473.jpg, https://photos2.spareroom.co.uk/images/flatshare/listings/square/96/99/96994474.jpg, https://photos2.spareroom.co.uk/images/flatshare/listings/square/96/99/96994481.jpg, https://photos2.spareroom.co.uk/images/flatshare/listings/square/96/99/96994482.jpg, https://photos2.spareroom.co.uk/images/flatshare/listings/square/96/99/96994484.jpg, https://photos2.spareroom.co.uk/images/flatshare/listings/square/96/99/96994487.jpg, https://photos2.spareroom.co.uk/images/flatshare/listings/square/96/99/96994488.jpg, https://assets.spareroom.co.uk/images/spareroom/v4/search/list/TUBE_14x11.png, https://assets.spareroom.co.uk/images/spareroom/v4/search/list/BR_14x11.png",Free tocontact,UK London Flat,"Parking, Garden, Balcony, Bills Included, Furnished"
https://www.spareroom.co.uk/flatshare/london/clapham_junction/16469076,Discover Your Perfect Clapham Junction Home,Clapham Junction,51.4682052250889,-0.167952306462288,,Flat shareClapham JunctionSW11Area infoClapham Junction StationTube map0-5 minutes walk awayView on map¬£910 pcmdoubleAvailabilityAvailable01 Sep 2025Minimum term12 monthsMaximum termNoneExtra costDeposit¬£910.00Bills included?SomeAmenitiesFurnishingsFurnishedParkingNoGarageNoGarden/patioNoBalcony/roo...,Flat,,8,https://photos2.spareroom.co.uk/images/flatshare/listings/large/96/91/96912288.jpg,"https://photos2.spareroom.co.uk/images/flatshare/listings/large/96/91/96912288.jpg, https://photos2.spareroom.co.uk/images/flatshare/listings/square/96/91/96912287.jpg, https://photos2.spareroom.co.uk/images/flatshare/listings/square/86/15/86158337.jpg, https://photos2.spareroom.co.uk/images/flatshare/listings/square/86/15/86158338.jpg, https://photos2.spareroom.co.uk/images/flatshare/listings/square/86/15/86158339.jpg, https://photos2.spareroom.co.uk/images/flatshare/listings/square/86/15/86158345.jpg, https://assets.spareroom.co.uk/images/spareroom/v4/search/list/LDNOG_14x11.png, https://assets.spareroom.co.uk/images/spareroom/v4/search/list/BR_14x11.png",Free tocontact,UK London Flat,"Parking, Garden, Balcony, Bills Included, Furnished"
https://www.spareroom.co.uk/flatshare/london/battersea_park/17911191,"Amazing Victorian House, LIving & Garden!! AV. 1/1",Battersea Park,51.4754019,-0.1548438,,"Flat shareBattersea parkSW11Area infoBattersea Park StationTube map0-5 minutes walk awayView on map¬£1,200 pcmdouble¬£1,200 pcmdouble¬£1,083 pcmdouble¬£1,400 pcm(NOW LET)AvailabilityAvailable01 Oct 2025Minimum term12 monthsMaximum termNoneExtra costDeposit(Room 1)¬£1,200.00Deposit(Room 2)¬£1,200.00Deposit...",Room,now,19,https://photos2.spareroom.co.uk/images/flatshare/listings/large/96/99/96990758.jpg,"https://photos2.spareroom.co.uk/images/flatshare/listings/large/96/99/96990758.jpg, https://photos2.spareroom.co.uk/images/flatshare/listings/square/96/99/96990759.jpg, https://photos2.spareroom.co.uk/images/flatshare/listings/square/96/99/96990766.jpg, https://photos2.spareroom.co.uk/images/flatshare/listings/square/96/99/96990769.jpg, https://photos2.spareroom.co.uk/images/flatshare/listings/square/96/99/96990781.jpg, https://photos2.spareroom.co.uk/images/flatshare/listings/square/96/99/96990782.jpg, https://photos2.spareroom.co.uk/images/flatshare/listings/square/96/99/96990789.jpg, https://photos2.spareroom.co.uk/images/flatshare/listings/square/96/99/96990792.jpg, https://photos2.spareroom.co.uk/images/flatshare/listings/square/96/99/96990793.jpg, https://photos2.spareroom.co.uk/images/flatshare/listings/square/96/99/96990794.jpg, https://photos2.spareroom.co.uk/images/flatshare/listings/square/96/99/96990799.jpg, https://photos2.spareroom.co.uk/images/flatshare/listings/square/96/99/96990801.jpg, https://photos2.spareroom.co.uk/images/flatshare/listings/square/96/99/96990813.jpg, https://photos2.spareroom.co.uk/images/flatshare/listings/square/96/99/96990814.jpg, https://photos2.spareroom.co.uk/images/flatshare/listings/square/96/99/96990815.jpg, https://photos2.spareroom.co.uk/images/flatshare/listings/square/96/99/96990818.jpg, https://photos2.spareroom.co.uk/images/flatshare/listings/square/96/99/96990829.jpg, https://photos2.spareroom.co.uk/images/flatshare/listings/square/96/99/96990833.jpg, https://assets.spareroom.co.uk/images/spareroom/v4/search/list/BR_14x11.png",Free tocontact,UK London Flat,Garden
https://www.spareroom.co.uk/flatshare/london/clapham_junction/17911446,2 Double Rooms in Clapham Junction! Av. Sept. 1st,Clapham Junction,51.4646287,-0.1766863,,Flat shareClapham JunctionSW11Area infoClapham Junction StationTube map5-10 minutes walk awayView on map¬£996 pcmdouble¬£996 pcmdoubleAvailabilityAvailable01 Sep 2025Minimum term12 monthsMaximum termNoneExtra costDeposit(Room 1)¬£996.00Deposit(Room 2)¬£996.00Bills included?SomeAmenitiesFurnishingsFurnis...,Room,,19,https://photos2.spareroom.co.uk/images/flatshare/listings/large/96/99/96992847.jpg,"https://photos2.spareroom.co.uk/images/flatshare/listings/large/96/99/96992847.jpg, https://photos2.spareroom.co.uk/images/flatshare/listings/square/96/99/96992848.jpg, https://photos2.spareroom.co.uk/images/flatshare/listings/square/96/99/96992852.jpg, https://photos2.spareroom.co.uk/images/flatshare/listings/square/96/99/96992846.jpg, https://photos2.spareroom.co.uk/images/flatshare/listings/square/96/99/96992851.jpg, https://photos2.spareroom.co.uk/images/flatshare/listings/square/96/99/96995246.jpg, https://photos2.spareroom.co.uk/images/flatshare/listings/square/96/99/96995244.jpg, https://photos2.spareroom.co.uk/images/flatshare/listings/square/96/99/96992857.jpg, https://photos2.spareroom.co.uk/images/flatshare/listings/square/96/99/96992858.jpg, https://photos2.spareroom.co.uk/images/flatshare/listings/square/96/99/96992859.jpg, https://photos2.spareroom.co.uk/images/flatshare/listings/square/96/99/96992860.jpg, https://photos2.spareroom.co.uk/images/flatshare/listings/square/96/99/96992862.jpg, https://photos2.spareroom.co.uk/images/flatshare/listings/square/96/99/96992864.jpg, https://photos2.spareroom.co.uk/images/flatshare/listings/square/96/99/96992873.jpg, https://photos2.spareroom.co.uk/images/flatshare/listings/square/96/99/96992874.jpg, https://photos2.spareroom.co.uk/images/flatshare/listings/square/96/99/96992877.jpg, https://photos2.spareroom.co.uk/images/flatshare/listings/square/96/99/96992889.jpg, https://assets.spareroom.co.uk/images/spareroom/v4/search/list/LDNOG_14x11.png, https://assets.spareroom.co.uk/images/spareroom/v4/search/list/BR_14x11.png",Free tocontact,UK London Flat,Bills Included
https://www.spareroom.co.uk/flatshare/london/clapham_junction/17901476,3 Bright Rooms in Clapham J. I 1st of September,Clapham Junction,51.468689,-0.1729393,,"Flat shareClapham JunctionSW11Area infoClapham Junction StationTube map0-5 minutes walk awayView on map¬£1,083 pcmdouble¬£1,100 pcmdouble¬£1,100 pcmdoubleAvailabilityAvailable01 Sep 2025Minimum term12 monthsMaximum termNoneExtra costDeposit(Room 1)¬£1,083.00Deposit(Room 2)¬£1,100.00Deposit(Room 3)¬£1,100....",Room,,11,https://photos2.spareroom.co.uk/images/flatshare/listings/large/96/91/96911638.jpg,"https://photos2.spareroom.co.uk/images/flatshare/listings/large/96/91/96911638.jpg, https://photos2.spareroom.co.uk/images/flatshare/listings/square/96/91/96911642.jpg, https://photos2.spareroom.co.uk/images/flatshare/listings/square/97/00/97004096.jpg, https://photos2.spareroom.co.uk/images/flatshare/listings/square/96/91/96911653.jpg, https://photos2.spareroom.co.uk/images/flatshare/listings/square/96/91/96911655.jpg, https://photos2.spareroom.co.uk/images/flatshare/listings/square/96/91/96911661.jpg, https://photos2.spareroom.co.uk/images/flatshare/listings/square/96/91/96911663.jpg, https://photos2.spareroom.co.uk/images/flatshare/listings/square/96/91/96911668.jpg, https://photos2.spareroom.co.uk/images/flatshare/listings/square/96/91/96911674.jpg, https://assets.spareroom.co.uk/images/spareroom/v4/search/list/LDNOG_14x11.png, https://assets.spareroom.co.uk/images/spareroom/v4/search/list/BR_14x11.png",Free tocontact,UK London Flat,
https://www.spareroom.co.uk/flatshare/london/clapham_junction/17911315,"3 double rooms, 5 min from CJ Station!! Av. NOW!!!",Clapham Junction,51.4676281,-0.172377,,"Flat shareClapham JunctionSW11Area infoClapham Junction StationTube map0-5 minutes walk awayView on map¬£1,083 pcmdouble¬£1,083 pcmdouble¬£1,083 pcmdoubleAvailabilityAvailable01 Sep 2025Minimum term12 monthsMaximum termNoneExtra costDeposit(Room 1)¬£1,083.00Deposit(Room 2)¬£1,083.00Deposit(Room 3)¬£1,083....",Room,now,15,https://photos2.spareroom.co.uk/images/flatshare/listings/large/96/99/96991639.jpg,"https://photos2.spareroom.co.uk/images/flatshare/listings/large/96/99/96991639.jpg, https://photos2.spareroom.co.uk/images/flatshare/listings/square/96/99/96991647.jpg, https://photos2.spareroom.co.uk/images/flatshare/listings/square/96/99/96992309.jpg, https://photos2.spareroom.co.uk/images/flatshare/listings/square/96/99/96992308.jpg, https://photos2.spareroom.co.uk/images/flatshare/listings/square/96/99/96992310.jpg, https://photos2.spareroom.co.uk/images/flatshare/listings/square/96/99/96992317.jpg, https://photos2.spareroom.co.uk/images/flatshare/listings/square/96/99/96992318.jpg, https://photos2.spareroom.co.uk/images/flatshare/listings/square/96/99/96992319.jpg, https://photos2.spareroom.co.uk/images/flatshare/listings/square/96/99/96991821.jpg, https://photos2.spareroom.co.uk/images/flatshare/listings/square/96/99/96991822.jpg, https://photos2.spareroom.co.uk/images/flatshare/listings/square/96/99/96991844.jpg, https://photos2.spareroom.co.uk/images/flatshare/listings/square/96/99/96991825.jpg, https://photos2.spareroom.co.uk/images/flatshare/listings/square/96/99/96991823.jpg, https://assets.spareroom.co.uk/images/spareroom/v4/search/list/LDNOG_14x11.png, https://assets.spareroom.co.uk/images/spareroom/v4/search/list/BR_14x11.png",Free tocontact,UK London Flat,
https://www.spareroom.co.uk/flatshare/london/battersea/17917209,Amazing double room - Battersea Bridge. AV. Soon,Battersea,51.4774514,-0.1685572,,"Flat shareBatterseaSW11Area infoClapham Junction StationTube map15-20 minutes walk awayView on map¬£1,083 pcmdoubleAvailabilityAvailable01 Sep 2025Minimum term12 monthsMaximum termNoneExtra costDeposit¬£1,083.00Bills included?SomeAmenitiesFurnishingsFurnishedParkingNoGarageNoGarden/patioNoBalcony/roof...",Room,,10,https://photos2.spareroom.co.uk/images/flatshare/listings/large/97/03/97039376.jpg,"https://photos2.spareroom.co.uk/images/flatshare/listings/large/97/03/97039376.jpg, https://photos2.spareroom.co.uk/images/flatshare/listings/square/97/03/97039368.jpg, https://photos2.spareroom.co.uk/images/flatshare/listings/square/97/03/97039370.jpg, https://photos2.spareroom.co.uk/images/flatshare/listings/square/97/03/97039380.jpg, https://photos2.spareroom.co.uk/images/flatshare/listings/square/97/03/97039382.jpg, https://photos2.spareroom.co.uk/images/flatshare/listings/square/97/03/97039383.jpg, https://photos2.spareroom.co.uk/images/flatshare/listings/square/97/03/97039384.jpg, https://photos2.spareroom.co.uk/images/flatshare/listings/square/97/03/97039387.jpg, https://assets.spareroom.co.uk/images/spareroom/v4/search/list/LDNOG_14x11.png, https://assets.spareroom.co.uk/images/spareroom/v4/search/list/BR_14x11.png",Free tocontact,UK London Flat,"Parking, Garden, Balcony, Bills Included, Furnished"
https://www.spareroom.co.uk/flatshare/london/canada_water/17895645,Double Bedrooms Available in Surrey Quays,Canada Water,51.496723,-0.0336402,,"House shareCanada WaterSE16Area infoCanada Water StationTube map10-15 minutes walk awayView on map¬£1,100 pcmdouble¬£1,100 pcm(NOW LET)¬£1,050 pcmdouble¬£1,300 pcm(NOW LET)AvailabilityAvailable28 Aug 2025Minimum term12 monthsMaximum termNoneExtra costDeposit(Room 1)¬£1,269.23Deposit(Room 3)¬£1,211.53Bills...",Room,now,11,https://photos2.spareroom.co.uk/images/flatshare/listings/square/96/86/96866849.jpg,"https://photos2.spareroom.co.uk/images/flatshare/listings/square/96/86/96866849.jpg, https://photos2.spareroom.co.uk/images/flatshare/listings/square/96/86/96866933.jpg, https://photos2.spareroom.co.uk/images/flatshare/listings/square/96/86/96866932.jpg, https://photos2.spareroom.co.uk/images/flatshare/listings/square/96/86/96866935.jpg, https://photos2.spareroom.co.uk/images/flatshare/listings/square/96/86/96866936.jpg, https://photos2.spareroom.co.uk/images/flatshare/listings/square/96/86/96866939.jpg, https://photos2.spareroom.co.uk/images/flatshare/listings/square/96/86/96866940.jpg, https://photos2.spareroom.co.uk/images/flatshare/listings/square/96/86/96862710.jpg, https://photos2.spareroom.co.uk/images/flatshare/listings/square/69/74/69741784.jpg, https://assets.spareroom.co.uk/images/spareroom/v4/search/list/TUBE_14x11.png, https://assets.spareroom.co.uk/images/spareroom/v4/search/list/LDNOG_14x11.png",Free tocontact,JD Corp Management,
https://www.spareroom.co.uk/flatshare/london/woolwich/17890590,Great Sized Room in 6 Bedroom HMO,Woolwich,51.4851985,0.0685323,,House shareWoolwichSE18Area infoWoolwich Arsenal StationTube map5-10 minutes walk awayView on map¬£825 pcmdoubleAvailabilityAvailableNowMinimum term12 monthsMaximum termNoneExtra costDeposit¬£951.92Bills included?YesAmenitiesFurnishingsFurnishedParkingNoGarageNoGarden/patioYesBalcony/roof terraceYesDi...,Room,now,14,https://photos2.spareroom.co.uk/images/flatshare/listings/large/96/82/96821669.jpg,"https://photos2.spareroom.co.uk/images/flatshare/listings/large/96/82/96821669.jpg, https://photos2.spareroom.co.uk/images/flatshare/listings/square/96/82/96821683.jpg, https://photos2.spareroom.co.uk/images/flatshare/listings/square/96/82/96821657.jpg, https://photos2.spareroom.co.uk/images/flatshare/listings/square/96/82/96821658.jpg, https://photos2.spareroom.co.uk/images/flatshare/listings/square/96/82/96821670.jpg, https://photos2.spareroom.co.uk/images/flatshare/listings/square/96/82/96821674.jpg, https://photos2.spareroom.co.uk/images/flatshare/listings/square/96/82/96821672.jpg, https://photos2.spareroom.co.uk/images/flatshare/listings/square/96/82/96821694.jpg, https://photos2.spareroom.co.uk/images/flatshare/listings/square/96/82/96821675.jpg, https://photos2.spareroom.co.uk/images/flatshare/listings/square/96/82/96821680.jpg, https://photos2.spareroom.co.uk/images/flatshare/listings/square/96/82/96821682.jpg, https://photos2.spareroom.co.uk/images/flatshare/listings/square/69/74/69741784.jpg, https://assets.spareroom.co.uk/images/spareroom/v4/search/list/DLR_14x11.png, https://assets.spareroom.co.uk/images/spareroom/v4/search/list/BR_14x11.png",Free tocontact,JD Corp Management,"Parking, Garden, Balcony, Bills Included, Furnished"
https://www.spareroom.co.uk/flatshare/london/woolwich/17918990,Massive En-Suite Double Room with Garden Access,Woolwich,51.4832455,0.0726928,,"House shareWoolwichSE18Area infoWoolwich Arsenal StationTube map10-15 minutes walk awayView on map¬£1,350 pcmdouble En suiteAvailabilityAvailable25 Sep 2025Minimum term12 monthsMaximum termNoneExtra costDeposit¬£1,557.69Bills included?YesAmenitiesFurnishingsFurnishedParkingNoGarageNoGarden/patioYesBal...",Room,,14,https://photos2.spareroom.co.uk/images/flatshare/listings/square/97/05/97054446.jpg,"https://photos2.spareroom.co.uk/images/flatshare/listings/square/97/05/97054446.jpg, https://photos2.spareroom.co.uk/images/flatshare/listings/square/97/05/97054447.jpg, https://photos2.spareroom.co.uk/images/flatshare/listings/square/97/05/97054448.jpg, https://photos2.spareroom.co.uk/images/flatshare/listings/square/97/05/97054449.jpg, https://photos2.spareroom.co.uk/images/flatshare/listings/square/97/05/97054451.jpg, https://photos2.spareroom.co.uk/images/flatshare/listings/square/97/05/97054452.jpg, https://photos2.spareroom.co.uk/images/flatshare/listings/square/97/05/97054461.jpg, https://photos2.spareroom.co.uk/images/flatshare/listings/square/97/05/97054475.jpg, https://photos2.spareroom.co.uk/images/flatshare/listings/square/97/05/97054476.jpg, https://photos2.spareroom.co.uk/images/flatshare/listings/square/97/05/97054481.jpg, https://photos2.spareroom.co.uk/images/flatshare/listings/square/97/05/97054483.jpg, https://photos2.spareroom.co.uk/images/flatshare/listings/square/69/74/69741784.jpg, https://assets.spareroom.co.uk/images/spareroom/v4/search/list/DLR_14x11.png, https://assets.spareroom.co.uk/images/spareroom/v4/search/list/BR_14x11.png",Free tocontact,JD Corp Management,"Parking, Garden, Bills Included, Furnished"
https://www.spareroom.co.uk/flatshare/london/woolwich/17919269,Modern 1 Bedroom Close to Station,Woolwich,51.4915509,0.0713938,,"Flat
        
        to rentWoolwichSE18Area infoWoolwich Arsenal StationTube map0-5 minutes walk awayView on map¬£1,850 pcm(whole property)This ad is for a 1 bed flatAvailabilityAvailable02 Sep 2025Minimum term12 monthsMaximum termNoneExtra costSecurity deposit¬£2,134.00AmenitiesFurnishingsFurnished...",Room,,4,https://photos2.spareroom.co.uk/images/flatshare/listings/large/97/05/97056800.jpg,"https://photos2.spareroom.co.uk/images/flatshare/listings/large/97/05/97056800.jpg, https://photos2.spareroom.co.uk/images/flatshare/listings/square/69/74/69741784.jpg, https://assets.spareroom.co.uk/images/spareroom/v4/search/list/DLR_14x11.png, https://assets.spareroom.co.uk/images/spareroom/v4/search/list/BR_14x11.png",Free tocontact,JD Corp Management,Furnished
https://www.spareroom.co.uk/flatshare/london/beckton/17933743,Single Room in large House,Beckton,51.5170527,0.0484705,,House shareBecktonE6Area infoBeckton StationTube map15-20 minutes walk awayView on map¬£600 pcmsingleAvailabilityAvailableNowMinimum term12 monthsMaximum termNoneExtra costDeposit¬£692.30Bills included?YesAmenitiesFurnishingsFurnishedParkingNoGarageNoGarden/patioYesBalcony/roof terraceNoDisabled acces...,Room,now,8,https://photos2.spareroom.co.uk/images/flatshare/listings/large/97/17/97174785.jpg,"https://photos2.spareroom.co.uk/images/flatshare/listings/large/97/17/97174785.jpg, https://photos2.spareroom.co.uk/images/flatshare/listings/square/97/17/97174764.jpg, https://photos2.spareroom.co.uk/images/flatshare/listings/square/97/17/97174763.jpg, https://photos2.spareroom.co.uk/images/flatshare/listings/square/97/17/97174762.jpg, https://photos2.spareroom.co.uk/images/flatshare/listings/square/97/17/97174766.jpg, https://photos2.spareroom.co.uk/images/flatshare/listings/square/97/17/97174765.jpg, https://photos2.spareroom.co.uk/images/flatshare/listings/square/69/74/69741784.jpg, https://assets.spareroom.co.uk/images/spareroom/v4/search/list/DLR_14x11.png",Free tocontact,JD Corp Management,"Parking, Garden, Balcony, Bills Included, Furnished"
https://www.spareroom.co.uk/flatshare/london/woolwich/17933703,Double Room With Own Toilet (Not en-suite),Woolwich,51.4843751,0.0710574,,House shareWoolwichSE18Area infoWoolwich Arsenal StationTube map15-20 minutes walk awayView on map¬£850 pcmdoubleAvailabilityAvailableNowMinimum term12 monthsMaximum termNoneExtra costDeposit¬£980.76Bills included?YesAmenitiesFurnishingsFurnishedParkingNoGarageNoGarden/patioYesBalcony/roof terraceNoDi...,Room,now,13,https://photos2.spareroom.co.uk/images/flatshare/listings/square/97/17/97174435.jpg,"https://photos2.spareroom.co.uk/images/flatshare/listings/square/97/17/97174435.jpg, https://photos2.spareroom.co.uk/images/flatshare/listings/square/97/17/97174399.jpg, https://photos2.spareroom.co.uk/images/flatshare/listings/square/97/17/97174400.jpg, https://photos2.spareroom.co.uk/images/flatshare/listings/square/97/17/97174411.jpg, https://photos2.spareroom.co.uk/images/flatshare/listings/square/97/17/97174410.jpg, https://photos2.spareroom.co.uk/images/flatshare/listings/square/97/17/97174418.jpg, https://photos2.spareroom.co.uk/images/flatshare/listings/square/97/17/97174419.jpg, https://photos2.spareroom.co.uk/images/flatshare/listings/square/97/17/97174420.jpg, https://photos2.spareroom.co.uk/images/flatshare/listings/square/97/17/97174413.jpg, https://photos2.spareroom.co.uk/images/flatshare/listings/square/97/17/97174434.jpg, https://photos2.spareroom.co.uk/images/flatshare/listings/square/69/74/69741784.jpg, https://assets.spareroom.co.uk/images/spareroom/v4/search/list/DLR_14x11.png, https://assets.spareroom.co.uk/images/spareroom/v4/search/list/BR_14x11.png",Free tocontact,JD Corp Management,"Parking, Garden, Balcony, Bills Included, Furnished"
https://www.spareroom.co.uk/flatshare/london/canada_water/17933678,2 Bed Flat on Rotherhithe Street,Canada Water,51.5047378,-0.0343037,,"Property
        to rentCanada WaterSE16Area infoCanada Water StationTube map15-20 minutes walk awayView on map¬£1,900 pcm(whole property)This ad is for a 2 bed property
        
          and is not available by the room.Why notbuddy up?Find potential buddy ups to share this property withFind out mo...",Room,,11,https://photos2.spareroom.co.uk/images/flatshare/listings/large/97/17/97174128.jpg,"https://photos2.spareroom.co.uk/images/flatshare/listings/large/97/17/97174128.jpg, https://photos2.spareroom.co.uk/images/flatshare/listings/square/96/55/96554691.jpg, https://photos2.spareroom.co.uk/images/flatshare/listings/square/97/20/97207364.jpg, https://photos2.spareroom.co.uk/images/flatshare/listings/square/97/16/97163156.jpg, https://photos2.spareroom.co.uk/images/flatshare/listings/square/97/11/97112821.jpg, https://photos2.spareroom.co.uk/images/flatshare/listings/square/96/70/96701574.jpg, https://photos2.spareroom.co.uk/images/flatshare/listings/square/96/97/96976699.jpg, https://photos2.spareroom.co.uk/images/flatshare/listings/square/69/74/69741784.jpg, https://assets.spareroom.co.uk/img/spareroom/v4/icons/profilepic_unisex.gif, https://assets.spareroom.co.uk/images/spareroom/v4/search/list/TUBE_14x11.png, https://assets.spareroom.co.uk/images/spareroom/v4/search/list/LDNOG_14x11.png",Free tocontact,JD Corp Management,
https://www.spareroom.co.uk/flatshare/london/hackney/17894505,üå≥ 4 Rooms in 4-Bedroom Flat ‚Äì 2 Minutes from Vict,Hackney,51.5420438,-0.0286577,,"Flat shareHackneyE9Area infoHackney Wick StationTube map5-10 minutes walk awayView on map¬£1,150 pcmdouble¬£1,150 pcmdouble¬£1,150 pcmdouble¬£1,150 pcmdoubleAvailabilityAvailableNowMinimum termNoneMaximum termNoneExtra costDeposit(Room 1)¬£265.00Deposit(Room 2)¬£265.00Deposit(Room 3)¬£266.00Deposit(Room 4)...",Room,now,17,https://photos2.spareroom.co.uk/images/flatshare/listings/large/96/85/96853265.jpg,"https://photos2.spareroom.co.uk/images/flatshare/listings/large/96/85/96853265.jpg, https://photos2.spareroom.co.uk/images/flatshare/listings/square/96/85/96853263.jpg, https://photos2.spareroom.co.uk/images/flatshare/listings/square/96/85/96853264.jpg, https://photos2.spareroom.co.uk/images/flatshare/listings/square/96/85/96853260.jpg, https://photos2.spareroom.co.uk/images/flatshare/listings/square/96/85/96853261.jpg, https://photos2.spareroom.co.uk/images/flatshare/listings/square/96/85/96853262.jpg, https://photos2.spareroom.co.uk/images/flatshare/listings/square/96/85/96853266.jpg, https://photos2.spareroom.co.uk/images/flatshare/listings/square/96/85/96853267.jpg, https://photos2.spareroom.co.uk/images/flatshare/listings/square/96/85/96853268.jpg, https://photos2.spareroom.co.uk/images/flatshare/listings/square/96/85/96853269.jpg, https://photos2.spareroom.co.uk/images/flatshare/listings/square/96/85/96853270.jpg, https://photos2.spareroom.co.uk/images/flatshare/listings/square/96/85/96853271.jpg, https://photos2.spareroom.co.uk/images/flatshare/listings/square/96/85/96853272.jpg, https://photos2.spareroom.co.uk/images/flatshare/listings/square/96/85/96853273.jpg, https://photos2.spareroom.co.uk/images/flatshare/listings/square/82/15/82155690.jpg, https://assets.spareroom.co.uk/images/spareroom/v4/search/list/LDNOG_14x11.png, https://assets.spareroom.co.uk/images/spareroom/v4/search/list/BR_14x11.png",Free tocontact,Pisoria Ltd,
https://www.spareroom.co.uk/flatshare/london/aldgate_east/17919750,üÜï3 rooms same house! 2 full Bath. Bills inc! ASAP,Aldgate East,51.5153893152484,-0.0442977834738612,,House shareAldgate EastE1Area infoStepney Green StationTube map5-10 minutes walk awayView on map¬£950 pcmdouble¬£950 pcmdouble¬£980 pcmdoubleAvailabilityAvailableNowMinimum termNoneMaximum termNoneExtra costDeposit(Room 1)¬£0.00Deposit(Room 2)¬£0.00Deposit(Room 3)¬£0.00Bills included?YesAmenitiesFurnishin...,Room,asap,9,https://photos2.spareroom.co.uk/images/flatshare/listings/large/97/06/97060914.jpg,"https://photos2.spareroom.co.uk/images/flatshare/listings/large/97/06/97060914.jpg, https://photos2.spareroom.co.uk/images/flatshare/listings/square/97/06/97060913.jpg, https://photos2.spareroom.co.uk/images/flatshare/listings/square/97/06/97060912.jpg, https://photos2.spareroom.co.uk/images/flatshare/listings/square/97/06/97060915.jpg, https://photos2.spareroom.co.uk/images/flatshare/listings/square/97/06/97060928.jpg, https://photos2.spareroom.co.uk/images/flatshare/listings/square/97/06/97060916.jpg, https://photos2.spareroom.co.uk/images/flatshare/listings/square/97/06/97060931.jpg, https://photos2.spareroom.co.uk/images/flatshare/listings/square/82/15/82155690.jpg, https://assets.spareroom.co.uk/images/spareroom/v4/search/list/TUBE_14x11.png",Free tocontact,Pisoria Ltd,Bills Included
https://www.spareroom.co.uk/flatshare/london/mile_end/17928923,üÜï Next To Qmul! 2 Girls | Bills inc. Safe agency,Mile End,51.5286854339199,-0.0300746727575035,,"Flat shareMile EndE3Area infoMile End StationTube map0-5 minutes walk awayView on map¬£1,100 pcmdouble¬£1,050 pcmdoubleAvailabilityAvailableNowMinimum termNoneMaximum termNoneExtra costDeposit(Room 1)¬£0.00Deposit(Room 2)¬£0.00Bills included?YesAmenitiesFurnishingsFurnishedParkingNoGarageNoGarden/patioY...",Room,now,13,https://photos2.spareroom.co.uk/images/flatshare/listings/large/97/13/97134795.jpg,"https://photos2.spareroom.co.uk/images/flatshare/listings/large/97/13/97134795.jpg, https://photos2.spareroom.co.uk/images/flatshare/listings/square/97/13/97134796.jpg, https://photos2.spareroom.co.uk/images/flatshare/listings/square/97/13/97134791.jpg, https://photos2.spareroom.co.uk/images/flatshare/listings/square/97/13/97134802.jpg, https://photos2.spareroom.co.uk/images/flatshare/listings/square/97/13/97134794.jpg, https://photos2.spareroom.co.uk/images/flatshare/listings/square/97/13/97134804.jpg, https://photos2.spareroom.co.uk/images/flatshare/listings/square/97/13/97134792.jpg, https://photos2.spareroom.co.uk/images/flatshare/listings/square/97/13/97134790.jpg, https://photos2.spareroom.co.uk/images/flatshare/listings/square/97/13/97134801.jpg, https://photos2.spareroom.co.uk/images/flatshare/listings/square/97/13/97134805.jpg, https://photos2.spareroom.co.uk/images/flatshare/listings/square/97/13/97134807.jpg, https://photos2.spareroom.co.uk/images/flatshare/listings/square/82/15/82155690.jpg, https://assets.spareroom.co.uk/images/spareroom/v4/search/list/TUBE_14x11.png",Free tocontact,Pisoria Ltd,"Parking, Garden, Bills Included, Furnished"
https://www.spareroom.co.uk/flatshare/london/mile_end/17924915,üÜï Next To Qmul! 2 Girls In The House! Asap,Mile End,51.5297318326131,-0.038853155654637,,"Flat shareMile EndE3Area infoMile End StationTube map0-5 minutes walk awayView on map¬£930 pcmdouble¬£1,079 pcmdoubleAvailabilityAvailableNowMinimum termNoneMaximum termNoneExtra costDeposit(Room 1)¬£0.00Deposit(Room 2)¬£0.00Bills included?YesAmenitiesFurnishingsFurnishedParkingNoGarageNoGarden/patioYes...",Room,asap,14,https://photos2.spareroom.co.uk/images/flatshare/listings/large/97/10/97102807.jpg,"https://photos2.spareroom.co.uk/images/flatshare/listings/large/97/10/97102807.jpg, https://photos2.spareroom.co.uk/images/flatshare/listings/square/97/10/97102803.jpg, https://photos2.spareroom.co.uk/images/flatshare/listings/square/97/10/97102799.jpg, https://photos2.spareroom.co.uk/images/flatshare/listings/square/97/10/97102804.jpg, https://photos2.spareroom.co.uk/images/flatshare/listings/square/97/10/97102801.jpg, https://photos2.spareroom.co.uk/images/flatshare/listings/square/97/10/97102802.jpg, https://photos2.spareroom.co.uk/images/flatshare/listings/square/97/10/97102805.jpg, https://photos2.spareroom.co.uk/images/flatshare/listings/square/97/10/97102808.jpg, https://photos2.spareroom.co.uk/images/flatshare/listings/square/97/10/97102814.jpg, https://photos2.spareroom.co.uk/images/flatshare/listings/square/97/10/97102816.jpg, https://photos2.spareroom.co.uk/images/flatshare/listings/square/97/10/97102817.jpg, https://photos2.spareroom.co.uk/images/flatshare/listings/square/97/10/97102818.jpg, https://photos2.spareroom.co.uk/images/flatshare/listings/square/82/15/82155690.jpg, https://assets.spareroom.co.uk/images/spareroom/v4/search/list/TUBE_14x11.png",Free tocontact,Pisoria Ltd,"Parking, Garden, Bills Included, Furnished"
https://www.spareroom.co.uk/flatshare/london/canary_wharf/17925611,üÜï3 Rooms | 2 Full Bath. Bills Inc! Safe Agency,Canary Wharf,51.5102288473597,-0.0218638133898464,,"Flat shareCanary WharfE14Area infoCanary Wharf StationTube map0-5 minutes walk awayView on map¬£1,030 pcmdouble¬£1,080 pcmdouble¬£1,080 pcmdoubleAvailabilityAvailable21 Aug 2025Minimum termNoneMaximum termNoneExtra costDeposit(Room 1)¬£0.00Deposit(Room 2)¬£0.00Deposit(Room 3)¬£0.00Bills included?YesAmenit...",Room,,16,https://photos2.spareroom.co.uk/images/flatshare/listings/large/97/10/97108220.jpg,"https://photos2.spareroom.co.uk/images/flatshare/listings/large/97/10/97108220.jpg, https://photos2.spareroom.co.uk/images/flatshare/listings/square/97/10/97108221.jpg, https://photos2.spareroom.co.uk/images/flatshare/listings/square/97/10/97108219.jpg, https://photos2.spareroom.co.uk/images/flatshare/listings/square/97/10/97108222.jpg, https://photos2.spareroom.co.uk/images/flatshare/listings/square/97/10/97108223.jpg, https://photos2.spareroom.co.uk/images/flatshare/listings/square/97/10/97108224.jpg, https://photos2.spareroom.co.uk/images/flatshare/listings/square/97/10/97108225.jpg, https://photos2.spareroom.co.uk/images/flatshare/listings/square/97/10/97108226.jpg, https://photos2.spareroom.co.uk/images/flatshare/listings/square/97/10/97108228.jpg, https://photos2.spareroom.co.uk/images/flatshare/listings/square/97/10/97108229.jpg, https://photos2.spareroom.co.uk/images/flatshare/listings/square/97/10/97108230.jpg, https://photos2.spareroom.co.uk/images/flatshare/listings/square/97/10/97108231.jpg, https://photos2.spareroom.co.uk/images/flatshare/listings/square/97/10/97108232.jpg, https://photos2.spareroom.co.uk/images/flatshare/listings/square/82/15/82155690.jpg, https://assets.spareroom.co.uk/images/spareroom/v4/search/list/TUBE_14x11.png, https://assets.spareroom.co.uk/images/spareroom/v4/search/list/DLR_14x11.png",Free tocontact,Pisoria Ltd,Bills Included
https://www.spareroom.co.uk/flatshare/london/canary_wharf/17885596,üåø 3 Rooms in 3-Bedroom Flat ‚Äì Canary Wharf Area,Canary Wharf,51.5097317,-0.0285834,,"Flat shareCanary WharfE14Area infoWestferry StationTube map0-5 minutes walk awayView on map¬£1,150 pcmdouble¬£1,150 pcmdouble¬£1,150 pcmdoubleAvailabilityAvailable08 Sep 2025Minimum termNoneMaximum termNoneExtra costDeposit(Room 1)¬£265.00Deposit(Room 2)¬£263.00Deposit(Room 3)¬£263.00Bills included?YesAme...",Room,,14,https://photos2.spareroom.co.uk/images/flatshare/listings/large/96/77/96779057.jpg,"https://photos2.spareroom.co.uk/images/flatshare/listings/large/96/77/96779057.jpg, https://photos2.spareroom.co.uk/images/flatshare/listings/square/96/77/96779061.jpg, https://photos2.spareroom.co.uk/images/flatshare/listings/square/96/77/96779059.jpg, https://photos2.spareroom.co.uk/images/flatshare/listings/square/96/77/96779063.jpg, https://photos2.spareroom.co.uk/images/flatshare/listings/square/96/77/96779062.jpg, https://photos2.spareroom.co.uk/images/flatshare/listings/square/96/77/96779065.jpg, https://photos2.spareroom.co.uk/images/flatshare/listings/square/96/77/96779066.jpg, https://photos2.spareroom.co.uk/images/flatshare/listings/square/96/77/96779064.jpg, https://photos2.spareroom.co.uk/images/flatshare/listings/square/96/77/96779056.jpg, https://photos2.spareroom.co.uk/images/flatshare/listings/square/96/77/96779067.jpg, https://photos2.spareroom.co.uk/images/flatshare/listings/square/96/77/96779058.jpg, https://photos2.spareroom.co.uk/images/flatshare/listings/square/96/77/96779068.jpg, https://photos2.spareroom.co.uk/images/flatshare/listings/square/82/15/82155690.jpg, https://assets.spareroom.co.uk/images/spareroom/v4/search/list/DLR_14x11.png",Free tocontact,Pisoria Ltd,Bills Included
https://www.spareroom.co.uk/flatshare/london/mile_end/17885577,üè° 2 Rooms Available ‚Äì E3 Location (Mile End/Bow),Mile End,51.5264637,-0.0155629,,"Flat shareMile EndE3Area infoBromley-by-Bow StationTube map0-5 minutes walk awayView on map¬£1,050 pcmdouble¬£1,000 pcmdoubleAvailabilityAvailable07 Sep 2025Minimum termNoneMaximum termNoneExtra costDeposit(Room 1)¬£230.00Deposit(Room 2)¬£242.00Bills included?YesAmenitiesFurnishingsFurnishedParkingNoGar...",Room,,8,https://photos2.spareroom.co.uk/images/flatshare/listings/large/96/77/96778906.jpg,"https://photos2.spareroom.co.uk/images/flatshare/listings/large/96/77/96778906.jpg, https://photos2.spareroom.co.uk/images/flatshare/listings/square/96/77/96778904.jpg, https://photos2.spareroom.co.uk/images/flatshare/listings/square/96/77/96778907.jpg, https://photos2.spareroom.co.uk/images/flatshare/listings/square/96/77/96778909.jpg, https://photos2.spareroom.co.uk/images/flatshare/listings/square/96/77/96778910.jpg, https://photos2.spareroom.co.uk/images/flatshare/listings/square/96/77/96778903.jpg, https://photos2.spareroom.co.uk/images/flatshare/listings/square/82/15/82155690.jpg, https://assets.spareroom.co.uk/images/spareroom/v4/search/list/TUBE_14x11.png",Free tocontact,Pisoria Ltd,"Parking, Bills Included, Furnished"
https://www.spareroom.co.uk/flatshare/london/canary_wharf/17925574,üÜï3 rooms | All bills inc | Canary Wharf doorstep,Canary Wharf,51.5129465764159,-0.0241097059381054,,"House shareCanary WharfE14Area infoWestferry StationTube map0-5 minutes walk awayView on map¬£950 pcmdouble¬£1,049 pcmdouble¬£1,100 pcmdoubleAvailabilityAvailableNowMinimum termNoneMaximum termNoneExtra costDeposit(Room 1)¬£0.00Deposit(Room 2)¬£0.00Deposit(Room 3)¬£0.00Bills included?YesAmenitiesFurnishin...",Room,now,19,https://photos2.spareroom.co.uk/images/flatshare/listings/large/97/10/97107925.jpg,"https://photos2.spareroom.co.uk/images/flatshare/listings/large/97/10/97107925.jpg, https://photos2.spareroom.co.uk/images/flatshare/listings/square/97/10/97107926.jpg, https://photos2.spareroom.co.uk/images/flatshare/listings/square/97/10/97107927.jpg, https://photos2.spareroom.co.uk/images/flatshare/listings/square/97/10/97107928.jpg, https://photos2.spareroom.co.uk/images/flatshare/listings/square/97/10/97107930.jpg, https://photos2.spareroom.co.uk/images/flatshare/listings/square/97/10/97107946.jpg, https://photos2.spareroom.co.uk/images/flatshare/listings/square/97/10/97107947.jpg, https://photos2.spareroom.co.uk/images/flatshare/listings/square/97/10/97107950.jpg, https://photos2.spareroom.co.uk/images/flatshare/listings/square/97/10/97107952.jpg, https://photos2.spareroom.co.uk/images/flatshare/listings/square/97/10/97107954.jpg, https://photos2.spareroom.co.uk/images/flatshare/listings/square/97/10/97107953.jpg, https://photos2.spareroom.co.uk/images/flatshare/listings/square/97/10/97107955.jpg, https://photos2.spareroom.co.uk/images/flatshare/listings/square/97/10/97107956.jpg, https://photos2.spareroom.co.uk/images/flatshare/listings/square/97/10/97107957.jpg, https://photos2.spareroom.co.uk/images/flatshare/listings/square/97/10/97107958.jpg, https://photos2.spareroom.co.uk/images/flatshare/listings/square/97/10/97107959.jpg, https://photos2.spareroom.co.uk/images/flatshare/listings/square/97/10/97107960.jpg, https://photos2.spareroom.co.uk/images/flatshare/listings/square/82/15/82155690.jpg, https://assets.spareroom.co.uk/images/spareroom/v4/search/list/DLR_14x11.png",Free tocontact,Pisoria Ltd,Bills Included
https://www.spareroom.co.uk/flatshare/london/hornsey_lane/17892661,Selection Of Studio Flats London N6 (Lin),Hornsey Lane,51.5695803,-0.141061,,"Flat
        
        to rentHornsey LaneN6Area infoArchway StationTube map10-15 minutes walk awayView on map¬£1,450 pcm(whole property)This ad is for a Studio flatAvailabilityAvailableNowMinimum term12 monthsMaximum termNoneExtra costSecurity deposit¬£500.00AmenitiesFurnishingsFurnishedParkingNoGarag...",Studio,now,17,https://photos2.spareroom.co.uk/images/flatshare/listings/large/96/83/96838862.jpg,"https://photos2.spareroom.co.uk/images/flatshare/listings/large/96/83/96838862.jpg, https://photos2.spareroom.co.uk/images/flatshare/listings/square/96/83/96838863.jpg, https://photos2.spareroom.co.uk/images/flatshare/listings/square/96/83/96838864.jpg, https://photos2.spareroom.co.uk/images/flatshare/listings/square/96/83/96838865.jpg, https://photos2.spareroom.co.uk/images/flatshare/listings/square/96/83/96838867.jpg, https://photos2.spareroom.co.uk/images/flatshare/listings/square/96/83/96838869.jpg, https://photos2.spareroom.co.uk/images/flatshare/listings/square/96/83/96838898.jpg, https://photos2.spareroom.co.uk/images/flatshare/listings/square/96/83/96838899.jpg, https://photos2.spareroom.co.uk/images/flatshare/listings/square/96/83/96838900.jpg, https://photos2.spareroom.co.uk/images/flatshare/listings/square/96/83/96838903.jpg, https://photos2.spareroom.co.uk/images/flatshare/listings/square/96/83/96838904.jpg, https://photos2.spareroom.co.uk/images/flatshare/listings/square/96/83/96838905.jpg, https://photos2.spareroom.co.uk/images/flatshare/listings/square/96/83/96838907.jpg, https://photos2.spareroom.co.uk/images/flatshare/listings/square/96/83/96838908.jpg, https://photos2.spareroom.co.uk/images/flatshare/listings/square/96/83/96838910.jpg, https://photos2.spareroom.co.uk/images/flatshare/listings/square/96/83/96838911.jpg, https://assets.spareroom.co.uk/images/spareroom/v4/search/list/TUBE_14x11.png",Free tocontact,North Kensington Property Consultants,"Parking, Furnished"
https://www.spareroom.co.uk/flatshare/greater_london/greenford/16747650,2 X  Rooms To Let Greenford Middlesex  (Mans),,51.5263799251187,-0.358723750989336,,House shareGreenfordUB6Area infoSouth Greenford StationTube map10-15 minutes walk awayView on map¬£630 pcmsingleAvailabilityAvailableNowMinimum term6 monthsMaximum termNoneExtra costDeposit¬£630.00Bills included?YesAmenitiesFurnishingsFurnishedParkingYesGarageNoGarden/patioYesBalcony/roof terraceNoDis...,Room,now,7,https://photos2.spareroom.co.uk/images/flatshare/listings/large/88/19/88196237.jpg,"https://photos2.spareroom.co.uk/images/flatshare/listings/large/88/19/88196237.jpg, https://photos2.spareroom.co.uk/images/flatshare/listings/square/88/19/88196238.jpg, https://photos2.spareroom.co.uk/images/flatshare/listings/square/88/19/88196239.jpg, https://photos2.spareroom.co.uk/images/flatshare/listings/square/88/19/88196240.jpg, https://photos2.spareroom.co.uk/images/flatshare/listings/square/88/19/88196241.jpg, https://photos2.spareroom.co.uk/images/flatshare/listings/square/88/19/88196243.jpg, https://assets.spareroom.co.uk/images/spareroom/v4/search/list/BR_14x11.png",Free tocontact,North Kensington Property Consultants,"Parking, Garden, Balcony, Bills Included, Furnished"
https://www.spareroom.co.uk/flatshare/london/north_kensington/11126200,"Medium Size Room, North Kensington (Dalgarno)",North Kensington,51.5222414668153,-0.223430053819101,,Flat shareNorth KensingtonW10Area infoLadbroke Grove StationTube map15-20 minutes walk awayView on map¬£760 pcmsingleAvailabilityAvailableNowMinimum term6 monthsMaximum termNoneShort lets consideredExtra costDeposit¬£0.00Bills included?YesAmenitiesFurnishingsFurnishedParkingNoGarageNoGarden/patioNoBal...,Room,now,11,https://photos2.spareroom.co.uk/images/flatshare/listings/large/51/42/51426625.jpg,"https://photos2.spareroom.co.uk/images/flatshare/listings/large/51/42/51426625.jpg, https://photos2.spareroom.co.uk/images/flatshare/listings/square/51/42/51426643.jpg, https://photos2.spareroom.co.uk/images/flatshare/listings/square/51/42/51426652.jpg, https://photos2.spareroom.co.uk/images/flatshare/listings/square/51/42/51426661.jpg, https://photos2.spareroom.co.uk/images/flatshare/listings/square/51/42/51426682.jpg, https://photos2.spareroom.co.uk/images/flatshare/listings/square/51/42/51426709.jpg, https://photos2.spareroom.co.uk/images/flatshare/listings/square/91/22/91224306.jpg, https://photos2.spareroom.co.uk/images/flatshare/listings/square/91/22/91224307.jpg, https://photos2.spareroom.co.uk/images/flatshare/listings/square/91/22/91224310.jpg, https://photos2.spareroom.co.uk/images/flatshare/listings/square/91/22/91224311.jpg, https://assets.spareroom.co.uk/images/spareroom/v4/search/list/TUBE_14x11.png",Free tocontact,North Kensington Property Consultants,"Parking, Garden, Bills Included, Furnished"
https://www.spareroom.co.uk/flatshare/london/cricklewood/17919999,Double Room Cricklewood NW2 (Han),Cricklewood,51.5610386,-0.2139921,,House shareCricklewoodNW2Area infoCricklewood StationTube map5-10 minutes walk awayView on map¬£775 pcmdoubleAvailabilityAvailableNowMinimum term3 monthsMaximum termNoneExtra costDeposit¬£775.00Bills included?YesAmenitiesFurnishingsFurnishedParkingYesGarageNoGarden/patioNoBalcony/roof terraceNoDisable...,Room,now,9,https://photos2.spareroom.co.uk/images/flatshare/listings/large/97/06/97062847.jpg,"https://photos2.spareroom.co.uk/images/flatshare/listings/large/97/06/97062847.jpg, https://photos2.spareroom.co.uk/images/flatshare/listings/square/97/06/97062850.jpg, https://photos2.spareroom.co.uk/images/flatshare/listings/square/97/06/97062851.jpg, https://photos2.spareroom.co.uk/images/flatshare/listings/square/97/06/97062852.jpg, https://photos2.spareroom.co.uk/images/flatshare/listings/square/97/06/97062853.jpg, https://photos2.spareroom.co.uk/images/flatshare/listings/square/97/06/97062856.jpg, https://photos2.spareroom.co.uk/images/flatshare/listings/square/97/06/97062857.jpg, https://photos2.spareroom.co.uk/images/flatshare/listings/square/97/06/97062858.jpg, https://assets.spareroom.co.uk/images/spareroom/v4/search/list/BR_14x11.png",Free tocontact,North Kensington Property Consultants,"Parking, Garden, Balcony, Bills Included, Furnished"
https://www.spareroom.co.uk/flatshare/greater_london/kingsbury/7962130,"Ensuite Double Bedsit, Kingsbury, HA3 (St.P)",,51.5877668730918,-0.287943100859466,,"House shareKingsburyHA3Area infoKingsbury StationTube map10-15 minutes walk awayView on map¬£875 pcmdouble En suiteAvailabilityAvailable31 Aug 2025Minimum term12 monthsMaximum termNoneExtra costDeposit¬£1,005.00Bills included?YesAmenitiesFurnishingsFurnishedParkingYesGarageNoGarden/patioYesBalcony/roo...",House,,17,https://photos2.spareroom.co.uk/images/flatshare/listings/large/92/09/92093510.jpg,"https://photos2.spareroom.co.uk/images/flatshare/listings/large/92/09/92093510.jpg, https://photos2.spareroom.co.uk/images/flatshare/listings/square/92/09/92093512.jpg, https://photos2.spareroom.co.uk/images/flatshare/listings/square/92/09/92093511.jpg, https://photos2.spareroom.co.uk/images/flatshare/listings/square/92/09/92093516.jpg, https://photos2.spareroom.co.uk/images/flatshare/listings/square/92/10/92109486.jpg, https://photos2.spareroom.co.uk/images/flatshare/listings/square/92/10/92109487.jpg, https://photos2.spareroom.co.uk/images/flatshare/listings/square/92/10/92109488.jpg, https://photos2.spareroom.co.uk/images/flatshare/listings/square/92/10/92109490.jpg, https://photos2.spareroom.co.uk/images/flatshare/listings/square/92/10/92109491.jpg, https://photos2.spareroom.co.uk/images/flatshare/listings/square/95/33/95335967.jpg, https://photos2.spareroom.co.uk/images/flatshare/listings/square/95/33/95335966.jpg, https://photos2.spareroom.co.uk/images/flatshare/listings/square/95/33/95335968.jpg, https://photos2.spareroom.co.uk/images/flatshare/listings/square/95/33/95335969.jpg, https://photos2.spareroom.co.uk/images/flatshare/listings/square/95/33/95335970.jpg, https://photos2.spareroom.co.uk/images/flatshare/listings/square/95/33/95335971.jpg, https://photos2.spareroom.co.uk/images/flatshare/listings/square/95/33/95335972.jpg, https://assets.spareroom.co.uk/images/spareroom/v4/search/list/TUBE_14x11.png",Free tocontact,North Kensington Property Consultants,"Parking, Garden, Balcony, Ensuite, Bills Included, Furnished"
https://www.spareroom.co.uk/flatshare/greater_london/hillingdon/17830286,Double Room Hillingdon UB10 (Mish),,51.5396122,-0.4523489,,House shareHillingdonUB10Area infoHillingdon StationTube map5-10 minutes walk awayView on map¬£710 pcmdoubleAvailabilityAvailableNowMinimum term6 monthsMaximum termNoneExtra costDeposit¬£710.00Bills included?YesAmenitiesFurnishingsFurnishedParkingYesGarageNoGarden/patioYesBalcony/roof terraceNoDisable...,Room,now,4,https://photos2.spareroom.co.uk/images/flatshare/listings/large/96/31/96313643.jpg,"https://photos2.spareroom.co.uk/images/flatshare/listings/large/96/31/96313643.jpg, https://photos2.spareroom.co.uk/images/flatshare/listings/square/96/31/96313644.jpg, https://photos2.spareroom.co.uk/images/flatshare/listings/square/96/31/96313645.jpg, https://assets.spareroom.co.uk/images/spareroom/v4/search/list/TUBE_14x11.png",Free tocontact,North Kensington Property Consultants,"Parking, Garden, Balcony, Bills Included, Furnished"
https://www.spareroom.co.uk/flatshare/london/harlesden/17528827,1 Bed Flat Harlesden NW10 (Winch),Harlesden,51.5380785,-0.2576333,,"Flat
        
        to rentHarlesdenNW10Area infoHarlesden StationTube map15-20 minutes walk awayView on map¬£1,250 pcm(whole property)This ad is for a 1 bed flatAvailabilityAvailable13 Sep 2025Minimum term12 monthsMaximum termNoneExtra costSecurity deposit¬£1,250.00AmenitiesFurnishingsFurnishedPark...",Flat,,8,https://photos2.spareroom.co.uk/images/flatshare/listings/large/93/76/93767567.jpg,"https://photos2.spareroom.co.uk/images/flatshare/listings/large/93/76/93767567.jpg, https://photos2.spareroom.co.uk/images/flatshare/listings/square/93/76/93767568.jpg, https://photos2.spareroom.co.uk/images/flatshare/listings/square/93/76/93767569.jpg, https://photos2.spareroom.co.uk/images/flatshare/listings/square/93/76/93767570.jpg, https://photos2.spareroom.co.uk/images/flatshare/listings/square/93/76/93767571.jpg, https://photos2.spareroom.co.uk/images/flatshare/listings/square/93/76/93767572.jpg, https://assets.spareroom.co.uk/images/spareroom/v4/search/list/TUBE_14x11.png, https://assets.spareroom.co.uk/images/spareroom/v4/search/list/LDNOG_14x11.png",Free tocontact,North Kensington Property Consultants,Furnished
https://www.spareroom.co.uk/flatshare/greater_london/rayners_lane/17746399,Double Room Rayners Lane Harrow Middx (Ove),,51.5717714,-0.375397,,House shareRayners LaneHA2Area infoRayners Lane StationTube map5-10 minutes walk awayView on map¬£800 pcmdoubleAvailabilityAvailableNowMinimum term6 monthsMaximum termNoneExtra costDeposit¬£800.00Bills included?YesAmenitiesFurnishingsFurnishedParkingYesGarageNoGarden/patioYesBalcony/roof terraceNoDisa...,Room,now,8,https://photos2.spareroom.co.uk/images/flatshare/listings/large/95/60/95604041.jpg,"https://photos2.spareroom.co.uk/images/flatshare/listings/large/95/60/95604041.jpg, https://photos2.spareroom.co.uk/images/flatshare/listings/square/95/60/95604042.jpg, https://photos2.spareroom.co.uk/images/flatshare/listings/square/95/60/95604043.jpg, https://photos2.spareroom.co.uk/images/flatshare/listings/square/95/60/95604044.jpg, https://photos2.spareroom.co.uk/images/flatshare/listings/square/95/60/95604045.jpg, https://photos2.spareroom.co.uk/images/flatshare/listings/square/95/60/95604046.jpg, https://photos2.spareroom.co.uk/images/flatshare/listings/square/95/60/95604079.jpg, https://assets.spareroom.co.uk/images/spareroom/v4/search/list/TUBE_14x11.png",Free tocontact,North Kensington Property Consultants,"Parking, Garden, Balcony, Bills Included, Furnished"
https://www.spareroom.co.uk/flatshare/greater_london/alperton/15924499,Double Ensuite Bedsit Alperton Wembley (Wood),,51.5394375465902,-0.293232908733905,,House shareAlpertonHA0Area infoAlperton StationTube map5-10 minutes walk awayView on map¬£985 pcmdouble En suiteAvailabilityAvailableNowMinimum term12 monthsMaximum termNoneExtra costDeposit¬£985.00Bills included?YesAmenitiesFurnishingsFurnishedParkingNoGarageNoGarden/patioYesBalcony/roof terraceNoDis...,House,now,17,https://photos2.spareroom.co.uk/images/flatshare/listings/large/82/27/82278455.jpg,"https://photos2.spareroom.co.uk/images/flatshare/listings/large/82/27/82278455.jpg, https://photos2.spareroom.co.uk/images/flatshare/listings/square/83/96/83964877.jpg, https://photos2.spareroom.co.uk/images/flatshare/listings/square/83/96/83964878.jpg, https://photos2.spareroom.co.uk/images/flatshare/listings/square/83/96/83964879.jpg, https://photos2.spareroom.co.uk/images/flatshare/listings/square/84/18/84187297.jpg, https://photos2.spareroom.co.uk/images/flatshare/listings/square/84/18/84187300.jpg, https://photos2.spareroom.co.uk/images/flatshare/listings/square/84/18/84187301.jpg, https://photos2.spareroom.co.uk/images/flatshare/listings/square/84/18/84187307.jpg, https://photos2.spareroom.co.uk/images/flatshare/listings/square/93/00/93003323.jpg, https://photos2.spareroom.co.uk/images/flatshare/listings/square/93/00/93003324.jpg, https://photos2.spareroom.co.uk/images/flatshare/listings/square/93/00/93003325.jpg, https://photos2.spareroom.co.uk/images/flatshare/listings/square/93/00/93003327.jpg, https://photos2.spareroom.co.uk/images/flatshare/listings/square/93/00/93003329.jpg, https://photos2.spareroom.co.uk/images/flatshare/listings/square/93/00/93003330.jpg, https://photos2.spareroom.co.uk/images/flatshare/listings/square/93/00/93003331.jpg, https://photos2.spareroom.co.uk/images/flatshare/listings/square/93/00/93003332.jpg, https://assets.spareroom.co.uk/images/spareroom/v4/search/list/TUBE_14x11.png",Free tocontact,North Kensington Property Consultants,"Parking, Garden, Balcony, Ensuite, Bills Included, Furnished"
https://www.spareroom.co.uk/flatshare/london/cricklewood/17427538,Studio Flat Cricklewood NW2 (Pine),Cricklewood,51.5573618,-0.2183064,,"Flat
        
        to rentCricklewoodNW2Area infoCricklewood StationTube map5-10 minutes walk awayView on map¬£1,400 pcm(whole property)This ad is for a Studio flatAvailabilityAvailableNowMinimum term12 monthsMaximum termNoneExtra costSecurity deposit¬£1,400.00AmenitiesFurnishingsFurnishedParkingNo...",Studio,now,6,https://photos2.spareroom.co.uk/images/flatshare/listings/large/92/97/92973864.jpg,"https://photos2.spareroom.co.uk/images/flatshare/listings/large/92/97/92973864.jpg, https://photos2.spareroom.co.uk/images/flatshare/listings/square/92/97/92973865.jpg, https://photos2.spareroom.co.uk/images/flatshare/listings/square/92/97/92973866.jpg, https://photos2.spareroom.co.uk/images/flatshare/listings/square/92/97/92973867.jpg, https://photos2.spareroom.co.uk/images/flatshare/listings/square/92/97/92973868.jpg, https://assets.spareroom.co.uk/images/spareroom/v4/search/list/BR_14x11.png",Free tocontact,North Kensington Property Consultants,"Parking, Furnished"
