url,title,location,latitude,longitude,price,description,property_type,available_date,photo_count,first_photo_url,all_photos,contact_info,management_company,amenities,age,ages,any_pets,available,balcony_roof_terrace,bills_included,broadband_included,couples_allowed,deposit,deposit(room_1),deposit(room_2),deposit(room_3),deposit(room_4),disabled_access,furnishings,garage,garden_patio,gender,living_room,max_age,maximum_term,min_age,minimum_term,"number
________
________
__________housemates","number
________flatmates",occupation,parking,pets_allowed,price_pcm,references,room_type,smalloweding_allowed,smoker,total_number_rooms,vegetarian/vegan
https://www.spareroom.co.uk/flatshare/london/hornsey/17913185?utm_source=copy_link&utm_medium=social_share&utm_campaign=advert_share,2 Rooms In The Same Flat With Garden,Hornsey,51.5897067,-0.1196971,980,Flat shareHornseyN8Area infoView on map980 pcmdouble840 pcmdoubleAvailabilityAvailableNowMinimum term6 monthsMaximum termNoneExtra costDeposit(Room 1)980.00Deposit(Room 2)840.00Bills included?YesAmenitiesFurnishingsFurnishedGarden/patioYesDisabled accessLiving roomNoBroadband includedYesCurrent ...,Room,now,17,https://photos2.spareroom.co.uk/images/flatshare/listings/large/97/00/97006884.jpg,"https://photos2.spareroom.co.uk/images/flatshare/listings/large/97/00/97006884.jpg, https://photos2.spareroom.co.uk/images/flatshare/listings/square/97/00/97006902.jpg, https://photos2.spareroom.co.uk/images/flatshare/listings/square/97/00/97006915.jpg, https://photos2.spareroom.co.uk/images/flatshare/listings/square/97/00/97006918.jpg, https://photos2.spareroom.co.uk/images/flatshare/listings/square/97/00/97006923.jpg, https://photos2.spareroom.co.uk/images/flatshare/listings/square/97/00/97006925.jpg, https://photos2.spareroom.co.uk/images/flatshare/listings/square/97/00/97006926.jpg, https://photos2.spareroom.co.uk/images/flatshare/listings/square/97/00/97006928.jpg, https://photos2.spareroom.co.uk/images/flatshare/listings/square/97/00/97006936.jpg, https://photos2.spareroom.co.uk/images/flatshare/listings/square/97/00/97006945.jpg, https://photos2.spareroom.co.uk/images/flatshare/listings/square/97/00/97006950.jpg, https://photos2.spareroom.co.uk/images/flatshare/listings/square/97/00/97006952.jpg, https://photos2.spareroom.co.uk/images/flatshare/listings/square/97/00/97006959.jpg, https://photos2.spareroom.co.uk/images/flatshare/listings/square/97/00/97006961.jpg, https://photos2.spareroom.co.uk/images/flatshare/listings/square/97/00/97006966.jpg, https://photos2.spareroom.co.uk/images/flatshare/listings/square/97/00/97006968.jpg, https://photos2.spareroom.co.uk/images/flatshare/listings/square/40/34/40347841.jpg",Free tocontact,iFlatShare,"Garden, Bills Included, Furnished",,28 to 38,No,Now,,Yes,Yes,Yes,,980,840,,,,Furnished,,Yes,"1 Female, 2 Males",No,60,None,18,6 months,,3,Available to all,,No,980 pcm,,double,Yes,No,4,
https://www.spareroom.co.uk/flatshare/london/hackney/17913121?utm_source=copy_link&utm_medium=social_share&utm_campaign=advert_share,2 Rooms In The Same House With Garden & Gym,Hackney,51.5546285,-0.0412553,"1,040","House shareHackneyE5Area infoView on map1,040 pcm(NOW LET)1,040 pcmdoubleAvailabilityAvailableNowMinimum term3 monthsMaximum termNoneShort lets consideredExtra costDeposit1,040.00Bills included?YesAmenitiesFurnishingsFurnishedGarden/patioYesDisabled accessLiving roomsharedBroadband includedYesCur...",Room,now,17,https://photos2.spareroom.co.uk/images/flatshare/listings/large/97/00/97006364.jpg,"https://photos2.spareroom.co.uk/images/flatshare/listings/large/97/00/97006364.jpg, https://photos2.spareroom.co.uk/images/flatshare/listings/square/97/00/97006366.jpg, https://photos2.spareroom.co.uk/images/flatshare/listings/square/97/00/97006368.jpg, https://photos2.spareroom.co.uk/images/flatshare/listings/square/97/00/97006369.jpg, https://photos2.spareroom.co.uk/images/flatshare/listings/square/97/00/97006371.jpg, https://photos2.spareroom.co.uk/images/flatshare/listings/square/97/00/97006387.jpg, https://photos2.spareroom.co.uk/images/flatshare/listings/square/97/00/97006391.jpg, https://photos2.spareroom.co.uk/images/flatshare/listings/square/97/00/97006392.jpg, https://photos2.spareroom.co.uk/images/flatshare/listings/square/97/00/97006393.jpg, https://photos2.spareroom.co.uk/images/flatshare/listings/square/97/00/97006397.jpg, https://photos2.spareroom.co.uk/images/flatshare/listings/square/97/00/97006423.jpg, https://photos2.spareroom.co.uk/images/flatshare/listings/square/97/00/97006424.jpg, https://photos2.spareroom.co.uk/images/flatshare/listings/square/97/00/97006426.jpg, https://photos2.spareroom.co.uk/images/flatshare/listings/square/97/00/97006436.jpg, https://photos2.spareroom.co.uk/images/flatshare/listings/square/97/00/97006439.jpg, https://photos2.spareroom.co.uk/images/flatshare/listings/square/97/00/97006502.jpg, https://photos2.spareroom.co.uk/images/flatshare/listings/square/40/34/40347841.jpg",Free tocontact,iFlatShare,"Garden, Bills Included, Furnished",,,Yes,Now,,Yes,Yes,No,"1,040.00",,,,,,Furnished,,Yes,2 Males,shared,50,None,18,3 months,2,,Available to all,,No,"1,040 pcm",,(NOW LET),Yes,No,3,
https://www.spareroom.co.uk/flatshare/london/hackney/17885560?utm_source=copy_link&utm_medium=social_share&utm_campaign=advert_share,Cosy Room In A Great Location,Hackney,51.5400973,-0.0553772,790,"Flat shareHackneyE8Area infoView on map790 pcmdoubleAvailabilityAvailableNowMinimum term3 monthsMaximum termNoneShort lets consideredExtra costDeposit790.00Bills included?YesAmenitiesFurnishingsFurnishedBalcony/roof terraceYesDisabled accessLiving roomNoBroadband includedYesCurrent household#
    ...",Room,now,7,https://photos2.spareroom.co.uk/images/flatshare/listings/large/96/77/96778820.jpg,"https://photos2.spareroom.co.uk/images/flatshare/listings/large/96/77/96778820.jpg, https://photos2.spareroom.co.uk/images/flatshare/listings/square/96/77/96778826.jpg, https://photos2.spareroom.co.uk/images/flatshare/listings/square/96/77/96778831.jpg, https://photos2.spareroom.co.uk/images/flatshare/listings/square/96/77/96778858.jpg, https://photos2.spareroom.co.uk/images/flatshare/listings/square/96/77/96778860.jpg, https://photos2.spareroom.co.uk/images/flatshare/listings/square/96/77/96778862.jpg, https://photos2.spareroom.co.uk/images/flatshare/listings/square/40/34/40347841.jpg",Free tocontact,iFlatShare,"Balcony, Bills Included, Furnished",,30 to 35,No,Now,Yes,Yes,Yes,No,790,,,,,,Furnished,,,2 Males,No,60,None,18,3 months,,2,Available to all,,No,790 pcm,,double,Yes,No,3,
https://www.spareroom.co.uk/flatshare/london/hackney/17913068?utm_source=copy_link&utm_medium=social_share&utm_campaign=advert_share,"2 Rooms Available In The Same Flat, Next To River!",Hackney,51.5530376,-0.0332311,885,"Flat shareHackneyE9Area infoView on map885 pcmdouble845 pcm(NOW LET)AvailabilityAvailableNowMinimum term6 monthsMaximum termNoneExtra costDeposit885.00Bills included?YesAmenitiesFurnishingsFurnishedBalcony/roof terraceYesDisabled accessLiving roomNoBroadband includedYesCurrent household#
        ...",Room,now,12,https://photos2.spareroom.co.uk/images/flatshare/listings/large/97/00/97005918.jpg,"https://photos2.spareroom.co.uk/images/flatshare/listings/large/97/00/97005918.jpg, https://photos2.spareroom.co.uk/images/flatshare/listings/square/97/00/97005949.jpg, https://photos2.spareroom.co.uk/images/flatshare/listings/square/97/00/97005937.jpg, https://photos2.spareroom.co.uk/images/flatshare/listings/square/97/00/97005930.jpg, https://photos2.spareroom.co.uk/images/flatshare/listings/square/97/00/97005964.jpg, https://photos2.spareroom.co.uk/images/flatshare/listings/square/97/00/97005967.jpg, https://photos2.spareroom.co.uk/images/flatshare/listings/square/97/00/97005972.jpg, https://photos2.spareroom.co.uk/images/flatshare/listings/square/97/00/97005969.jpg, https://photos2.spareroom.co.uk/images/flatshare/listings/square/97/00/97005974.jpg, https://photos2.spareroom.co.uk/images/flatshare/listings/square/97/00/97005982.jpg, https://photos2.spareroom.co.uk/images/flatshare/listings/square/97/00/97005992.jpg, https://photos2.spareroom.co.uk/images/flatshare/listings/square/40/34/40347841.jpg",Free tocontact,iFlatShare,"Balcony, Bills Included, Furnished",,25 to 35,No,Now,Yes,Yes,Yes,Yes,885,,,,,,Furnished,,,"1 Female, 2 Males",No,60,None,18,6 months,,3,Available to all,,No,885 pcm,,double,No,No,4,
https://www.spareroom.co.uk/flatshare/london/turnham_green/17921524,üåø Bright Double Room in Chiswick,Turnham Green,51.4981576,-0.261678,950,House shareTurnham GreenW4Area infoTurnham Green StationTube map5-10 minutes walk awayView on map950 pcmdoubleAvailabilityAvailable18 Aug 2025Minimum term11 monthsMaximum termNoneExtra costDeposit950.00Bills included?YesAmenitiesFurnishingsFurnishedParkingNoGarageNoGarden/patioYesBalcony/roof terr...,Room,N/A,10,https://photos2.spareroom.co.uk/images/flatshare/listings/large/97/07/97075218.jpg,"https://photos2.spareroom.co.uk/images/flatshare/listings/large/97/07/97075218.jpg, https://photos2.spareroom.co.uk/images/flatshare/listings/square/97/07/97075222.jpg, https://photos2.spareroom.co.uk/images/flatshare/listings/square/97/07/97075219.jpg, https://photos2.spareroom.co.uk/images/flatshare/listings/square/97/07/97075220.jpg, https://photos2.spareroom.co.uk/images/flatshare/listings/square/97/07/97075221.jpg, https://photos2.spareroom.co.uk/images/flatshare/listings/square/97/07/97075223.jpg, https://photos2.spareroom.co.uk/images/flatshare/listings/square/97/07/97075224.jpg, https://photos2.spareroom.co.uk/images/flatshare/listings/square/97/07/97075225.jpg, https://photos2.spareroom.co.uk/images/flatshare/listings/square/94/37/94373487.jpg, https://assets.spareroom.co.uk/images/spareroom/v4/search/list/TUBE_14x11.png",Free tocontact,AK&PROPERTIES,"Parking, Garden, Balcony, Bills Included, Furnished",,23 to 34,No,18-Aug-25,No,Yes,Yes,No,950,,,,,No,Furnished,No,Yes,"1 Female, 4 Males",shared,,None,,11 months,5,,Available to all,No,No,950 pcm,Yes,double,Yes,No,6,
https://www.spareroom.co.uk/flatshare/london/tooting_broadway/17778365,ú® Stunning Double Room in Tooting Broadway,Tooting Broadway,51.4291828,-0.1636683,850,House shareTooting BroadwaySW17Area infoView on map850 pcmdouble860 pcm(NOW LET)900 pcm(NOW LET)AvailabilityAvailableNowMinimum term4 monthsMaximum termNoneShort lets consideredExtra costDeposit850.00Bills included?YesAmenitiesFurnishingsFurnishedParkingYesGarageNoGarden/patioYesBalcony/roof ter...,Room,now,8,https://photos2.spareroom.co.uk/images/flatshare/listings/square/97/04/97044112.jpg,"https://photos2.spareroom.co.uk/images/flatshare/listings/square/97/04/97044112.jpg, https://photos2.spareroom.co.uk/images/flatshare/listings/square/97/04/97044111.jpg, https://photos2.spareroom.co.uk/images/flatshare/listings/square/95/87/95873961.jpg, https://photos2.spareroom.co.uk/images/flatshare/listings/square/95/87/95873962.jpg, https://photos2.spareroom.co.uk/images/flatshare/listings/square/95/87/95873884.jpg, https://photos2.spareroom.co.uk/images/flatshare/listings/square/95/87/95873919.jpg, https://photos2.spareroom.co.uk/images/flatshare/listings/square/97/04/97044110.jpg, https://photos2.spareroom.co.uk/images/flatshare/listings/square/94/37/94373487.jpg",Free tocontact,AK&PROPERTIES,"Parking, Garden, Balcony, Bills Included, Furnished",,22 to 29,No,Now,No,Yes,Yes,No,850,,,,,No,Furnished,No,Yes,"1 Female, 1 Male",No,,None,,4 months,2,,Available to all,Yes,No,850 pcm,Yes,double,Yes,No,5,
https://www.spareroom.co.uk/flatshare/london/tooting_broadway/17922764,üè° Bright Double Room next to St George's Hospital,Tooting Broadway,51.4331633,-0.1801834,880,House shareTooting BroadwaySW17Area infoTooting Broadway StationTube map5-10 minutes walk awayView on map880 pcmdouble950 pcmdoubleAvailabilityAvailableNowMinimum termNoneMaximum termNoneExtra costDeposit(Room 1)880.00Deposit(Room 2)950.00Bills included?YesAmenitiesFurnishingsFurnishedParkingNoG...,Room,now,8,https://photos2.spareroom.co.uk/images/flatshare/listings/large/97/08/97084889.jpg,"https://photos2.spareroom.co.uk/images/flatshare/listings/large/97/08/97084889.jpg, https://photos2.spareroom.co.uk/images/flatshare/listings/square/97/08/97084888.jpg, https://photos2.spareroom.co.uk/images/flatshare/listings/square/97/08/97084885.jpg, https://photos2.spareroom.co.uk/images/flatshare/listings/square/97/08/97084887.jpg, https://photos2.spareroom.co.uk/images/flatshare/listings/square/97/08/97084884.jpg, https://photos2.spareroom.co.uk/images/flatshare/listings/square/97/08/97084886.jpg, https://photos2.spareroom.co.uk/images/flatshare/listings/square/94/37/94373487.jpg, https://assets.spareroom.co.uk/images/spareroom/v4/search/list/TUBE_14x11.png",Free tocontact,AK&PROPERTIES,"Parking, Bills Included, Furnished",,22 to 29,No,Now,No,Yes,Yes,No,,880,950,,,No,Furnished,No,Yes,4 Males,shared,,None,,None,4,,Available to all,No,No,880 pcm,Yes,double,Yes,No,5,
https://www.spareroom.co.uk/flatshare/london/honor_oak_park/17373699?utm_source=copy_link&utm_medium=social_share&utm_campaign=advert_share,üî•Cosy Double room Available from September üî•,Honor Oak Park,51.4495241,-0.0435997,930,Flat shareHonor Oak ParkSE23Area infoHonor Oak Park StationTube map0-5 minutes walk awayView on map930 pcmdoubleAvailabilityAvailable01 Sep 2025Minimum term7 monthsMaximum termNoneExtra costDeposit930.00Bills included?YesAmenitiesFurnishingsFurnishedParkingNoGarageNoGarden/patioNoBalcony/roof terr...,Room,N/A,9,https://photos2.spareroom.co.uk/images/flatshare/listings/large/92/55/92559238.jpg,"https://photos2.spareroom.co.uk/images/flatshare/listings/large/92/55/92559238.jpg, https://photos2.spareroom.co.uk/images/flatshare/listings/square/92/55/92559239.jpg, https://photos2.spareroom.co.uk/images/flatshare/listings/square/92/55/92559241.jpg, https://photos2.spareroom.co.uk/images/flatshare/listings/square/92/55/92559242.jpg, https://photos2.spareroom.co.uk/images/flatshare/listings/square/92/55/92559265.jpg, https://photos2.spareroom.co.uk/images/flatshare/listings/square/92/55/92559266.jpg, https://photos2.spareroom.co.uk/images/flatshare/listings/square/95/09/95099242.jpg, https://assets.spareroom.co.uk/images/spareroom/v4/search/list/LDNOG_14x11.png, https://assets.spareroom.co.uk/images/spareroom/v4/search/list/BR_14x11.png",Free tocontact,Banksia Limited,"Parking, Garden, Balcony, Bills Included, Furnished",,,No,1-Sep-25,No,Yes,Yes,No,930,,,,,No,Furnished,No,No,3 Males,No,39,None,18,7 months,,3,Available to all,No,No,930 pcm,Yes,double,No,No,4,
https://www.spareroom.co.uk/flatshare/london/all_saints/17876256?utm_source=copy_link&utm_medium=social_share&utm_campaign=advert_share,üî• Stylish Room near All Saints in Septemberüî•,All Saints,51.5119828,-0.0180807,850,Flat shareAll SaintsE14Area infoView on map850 pcmdouble980 pcm(NOW LET)880 pcm(NOW LET)AvailabilityAvailableNowMinimum term7 monthsMaximum termNoneExtra costDeposit850.00Bills included?YesAmenitiesFurnishingsFurnishedParkingNoGarageNoGarden/patioNoBalcony/roof terraceNoDisabled accessNoLiving r...,Room,now,6,https://photos2.spareroom.co.uk/images/flatshare/listings/large/96/98/96983470.jpg,"https://photos2.spareroom.co.uk/images/flatshare/listings/large/96/98/96983470.jpg, https://photos2.spareroom.co.uk/images/flatshare/listings/square/96/98/96983472.jpg, https://photos2.spareroom.co.uk/images/flatshare/listings/square/96/98/96983471.jpg, https://photos2.spareroom.co.uk/images/flatshare/listings/square/96/98/96983476.jpg, https://photos2.spareroom.co.uk/images/flatshare/listings/square/96/98/96983473.jpg, https://photos2.spareroom.co.uk/images/flatshare/listings/square/95/09/95099242.jpg",Free tocontact,Banksia Limited,"Parking, Garden, Balcony, Bills Included, Furnished",,,No,Now,No,Yes,Yes,No,850,,,,,No,Furnished,No,No,Male,No,39,None,18,7 months,,1,Available to all,No,No,850 pcm,Yes,double,No,No,4,
https://www.spareroom.co.uk/flatshare/london/poplar/16767855?utm_source=copy_link&utm_medium=social_share&utm_campaign=advert_share,üè°ú® Cosy Ensuite Room in Poplar from September üåü,Poplar,51.51744862,-0.013796285,"1,100","Flat sharePoplarE14Area infoLangdon Park StationTube map0-5 minutes walk awayView on map1,100 pcmdouble En suiteAvailabilityAvailable01 Sep 2025Minimum term7 monthsMaximum termNoneExtra costDeposit1,100.00Bills included?YesAmenitiesFurnishingsFurnishedParkingNoGarageNoGarden/patioNoBalcony/roof te...",Room,N/A,6,https://photos2.spareroom.co.uk/images/flatshare/listings/square/88/20/88205584.jpg,"https://photos2.spareroom.co.uk/images/flatshare/listings/square/88/20/88205584.jpg, https://photos2.spareroom.co.uk/images/flatshare/listings/square/88/20/88205585.jpg, https://photos2.spareroom.co.uk/images/flatshare/listings/square/88/20/88205586.jpg, https://photos2.spareroom.co.uk/images/flatshare/listings/square/88/20/88205587.jpg, https://photos2.spareroom.co.uk/images/flatshare/listings/square/95/09/95099242.jpg, https://assets.spareroom.co.uk/images/spareroom/v4/search/list/DLR_14x11.png",Free tocontact,Banksia Limited,"Parking, Garden, Balcony, Ensuite, Bills Included, Furnished",,19 to 27,No,1-Sep-25,No,Yes,Yes,Yes,"1,100.00",,,,,No,Furnished,No,No,"2 Females, 1 Male",shared,39,None,18,7 months,,3,Available to all,No,No,"1,100 pcm",Yes,double En suite,Yes,No,4,
https://www.spareroom.co.uk/flatshare/london/poplar/17781230?utm_source=copy_link&utm_medium=social_share&utm_campaign=advert_share,üè° Stylish Ensuite Room in Poplar From Septemberüî•,Poplar,51.5175039,-0.0137905,"1,100","Flat sharePoplarE14Area infoLangdon Park StationTube map0-5 minutes walk awayView on map1,100 pcmdouble En suiteAvailabilityAvailable01 Sep 2025Minimum term7 monthsMaximum termNoneExtra costDeposit1,100.00Bills included?YesAmenitiesFurnishingsFurnishedParkingNoGarageNoGarden/patioNoBalcony/roof te...",Room,N/A,9,https://photos2.spareroom.co.uk/images/flatshare/listings/large/95/89/95898367.jpg,"https://photos2.spareroom.co.uk/images/flatshare/listings/large/95/89/95898367.jpg, https://photos2.spareroom.co.uk/images/flatshare/listings/square/95/89/95898364.jpg, https://photos2.spareroom.co.uk/images/flatshare/listings/square/95/89/95898365.jpg, https://photos2.spareroom.co.uk/images/flatshare/listings/square/95/89/95898363.jpg, https://photos2.spareroom.co.uk/images/flatshare/listings/square/95/89/95898366.jpg, https://photos2.spareroom.co.uk/images/flatshare/listings/square/95/89/95898362.jpg, https://photos2.spareroom.co.uk/images/flatshare/listings/square/95/89/95898382.jpg, https://photos2.spareroom.co.uk/images/flatshare/listings/square/95/09/95099242.jpg, https://assets.spareroom.co.uk/images/spareroom/v4/search/list/DLR_14x11.png",Free tocontact,Banksia Limited,"Parking, Garden, Balcony, Ensuite, Bills Included, Furnished",,24 to 30,No,1-Sep-25,No,Yes,Yes,Yes,"1,100.00",,,,,No,Furnished,No,No,"1 Female, 1 Male",No,39,None,18,7 months,,2,Available to all,No,No,"1,100 pcm",Yes,double En suite,Yes,No,2,
https://www.spareroom.co.uk/flatshare/london/stepney_green/17919701?utm_source=copy_link&utm_medium=social_share&utm_campaign=advert_share,üí• Stunning 2 Rooms In Stepney Green September üí•,Stepney Green,51.5193319,-0.045538,"1,100","House shareStepney GreenE1Area infoView on map1,100 pcmdouble1,050 pcmdouble1,050 pcm(NOW LET)AvailabilityAvailable01 Sep 2025Minimum term7 monthsMaximum termNoneExtra costDeposit(Room 1)1,100.00Deposit(Room 2)1,050.00Bills included?YesAmenitiesFurnishingsFurnishedParkingNoGarageNoGarden/patioY...",Room,now,12,https://photos2.spareroom.co.uk/images/flatshare/listings/large/97/06/97060490.jpg,"https://photos2.spareroom.co.uk/images/flatshare/listings/large/97/06/97060490.jpg, https://photos2.spareroom.co.uk/images/flatshare/listings/square/97/06/97060491.jpg, https://photos2.spareroom.co.uk/images/flatshare/listings/square/97/06/97060492.jpg, https://photos2.spareroom.co.uk/images/flatshare/listings/square/97/06/97060493.jpg, https://photos2.spareroom.co.uk/images/flatshare/listings/square/97/06/97060495.jpg, https://photos2.spareroom.co.uk/images/flatshare/listings/square/97/06/97060494.jpg, https://photos2.spareroom.co.uk/images/flatshare/listings/square/97/06/97060486.jpg, https://photos2.spareroom.co.uk/images/flatshare/listings/square/97/06/97060484.jpg, https://photos2.spareroom.co.uk/images/flatshare/listings/square/97/06/97060487.jpg, https://photos2.spareroom.co.uk/images/flatshare/listings/square/97/06/97060485.jpg, https://photos2.spareroom.co.uk/images/flatshare/listings/square/97/06/97060489.jpg, https://photos2.spareroom.co.uk/images/flatshare/listings/square/95/09/95099242.jpg",Free tocontact,Banksia Limited,"Parking, Garden, Bills Included, Furnished",,,No,1-Sep-25,No,Yes,Yes,No,,"1,100.00","1,050.00",,,No,Furnished,No,Yes,Male,No,39,None,18,7 months,1,,Available to all,No,No,"1,100 pcm",Yes,double,Yes,No,4,
https://www.spareroom.co.uk/flatshare/london/finchley_road/17913778?utm_source=copy_link&utm_medium=social_share&utm_campaign=advert_share,"üéá Bright & Cozy Room in Finchley, Septemberú®",Finchley Road,51.5447242,-0.1765577,"1,100","Flat shareFinchley RoadNW3Area infoWest Hampstead StationTube map0-5 minutes walk awayView on map1,100 pcm(NOW LET)900 pcmdoubleAvailabilityAvailable01 Sep 2025Minimum term7 monthsMaximum termNoneExtra costDeposit900.00Bills included?YesAmenitiesFurnishingsFurnishedParkingNoGarageNoGarden/patioNo...",Room,now,9,https://photos2.spareroom.co.uk/images/flatshare/listings/large/97/05/97056871.jpg,"https://photos2.spareroom.co.uk/images/flatshare/listings/large/97/05/97056871.jpg, https://photos2.spareroom.co.uk/images/flatshare/listings/square/97/05/97056872.jpg, https://photos2.spareroom.co.uk/images/flatshare/listings/square/97/05/97056870.jpg, https://photos2.spareroom.co.uk/images/flatshare/listings/square/97/01/97012132.jpg, https://photos2.spareroom.co.uk/images/flatshare/listings/square/97/01/97012130.jpg, https://photos2.spareroom.co.uk/images/flatshare/listings/square/97/01/97012134.jpg, https://assets.spareroom.co.uk/images/spareroom/v4/search/list/TUBE_14x11.png, https://assets.spareroom.co.uk/images/spareroom/v4/search/list/LDNOG_14x11.png, https://assets.spareroom.co.uk/images/spareroom/v4/search/list/BR_14x11.png",Free tocontact,N/A,"Parking, Garden, Bills Included, Furnished",,,No,1-Sep-25,No,Yes,Yes,No,900,,,,,No,Furnished,No,No,Male,shared,39,None,18,7 months,,1,Available to all,No,No,"1,100 pcm",Yes,(NOW LET),Yes,No,4,
https://www.spareroom.co.uk/flatshare/london/oval/17910323?utm_source=copy_link&utm_medium=social_share&utm_campaign=advert_share,üî• Fully Furnished Room in Oval Äì MOVE IN NOW!,Oval,51.4815297,-0.1166178,920,"House shareOvalSW8Area infoView on map920 pcm(NOW LET)800 pcmdoubleAvailabilityAvailableNowMinimum term7 monthsMaximum termNoneExtra costDeposit800.00Bills included?YesAmenitiesFurnishingsFurnishedDisabled accessLiving roomNoBroadband includedYesCurrent household#
        
        
          hous...",Room,now,7,https://photos2.spareroom.co.uk/images/flatshare/listings/square/97/13/97133906.jpg,"https://photos2.spareroom.co.uk/images/flatshare/listings/square/97/13/97133906.jpg, https://photos2.spareroom.co.uk/images/flatshare/listings/square/97/13/97133905.jpg, https://photos2.spareroom.co.uk/images/flatshare/listings/square/97/13/97133907.jpg, https://photos2.spareroom.co.uk/images/flatshare/listings/square/96/98/96984166.jpg, https://photos2.spareroom.co.uk/images/flatshare/listings/square/96/98/96984165.jpg, https://photos2.spareroom.co.uk/images/flatshare/listings/square/96/98/96984170.jpg, https://photos2.spareroom.co.uk/images/flatshare/listings/square/96/98/96984164.jpg",Free tocontact,N/A,"Bills Included, Furnished",,23 to 35,No,Now,,Yes,Yes,No,800,,,,,,Furnished,,,"2 Females, 3 Males",No,39,None,18,7 months,5,,Available to all,,No,920 pcm,Yes,(NOW LET),No,No,6,
https://www.spareroom.co.uk/flatshare/london/west_ham/16719489?utm_source=copy_link&utm_medium=social_share&utm_campaign=advert_share,üî• Modern 2 Double Rooms in West Ham üî•,West Ham,51.53364241,0.009041901,950,Flat shareWest HamE15Area infoWest Ham StationTube map5-10 minutes walk awayView on map950 pcmdouble900 pcmdoubleAvailabilityAvailableNowMinimum term7 monthsMaximum termNoneExtra costDeposit(Room 1)950.00Deposit(Room 2)900.00Bills included?YesAmenitiesFurnishingsFurnishedParkingNoGarageNoGarden/...,Room,now,12,https://photos2.spareroom.co.uk/images/flatshare/listings/square/97/15/97159827.jpg,"https://photos2.spareroom.co.uk/images/flatshare/listings/square/97/15/97159827.jpg, https://photos2.spareroom.co.uk/images/flatshare/listings/square/97/15/97159716.jpg, https://photos2.spareroom.co.uk/images/flatshare/listings/square/97/15/97159715.jpg, https://photos2.spareroom.co.uk/images/flatshare/listings/square/97/15/97159717.jpg, https://photos2.spareroom.co.uk/images/flatshare/listings/square/97/15/97159710.jpg, https://photos2.spareroom.co.uk/images/flatshare/listings/square/97/15/97159711.jpg, https://photos2.spareroom.co.uk/images/flatshare/listings/square/97/15/97159712.jpg, https://photos2.spareroom.co.uk/images/flatshare/listings/square/97/15/97159714.jpg, https://photos2.spareroom.co.uk/images/flatshare/listings/square/95/09/95099242.jpg, https://assets.spareroom.co.uk/images/spareroom/v4/search/list/TUBE_14x11.png, https://assets.spareroom.co.uk/images/spareroom/v4/search/list/DLR_14x11.png, https://assets.spareroom.co.uk/images/spareroom/v4/search/list/BR_14x11.png",Free tocontact,Banksia Limited,"Parking, Garden, Bills Included, Furnished",,27 to 29,No,Now,No,Yes,Yes,Yes,,950,900,,,No,Furnished,No,No,3 Males,shared,39,None,18,7 months,,3,Available to all,No,No,950 pcm,Yes,double,Yes,No,3,
https://www.spareroom.co.uk/flatshare/london/borough/17925850?utm_source=copy_link&utm_medium=social_share&utm_campaign=advert_share,ZONE 1,Borough,51.4973431,-0.0879727,265,"Flat shareBoroughSE1Area infoBorough StationTube map5-10 minutes walk awayView on map265 pwdouble265 pwdouble320 pwdoubleAvailabilityAvailable11 Sep 2025Minimum term12 monthsMaximum term12 monthsExtra costDeposit(Room 1)1,325.00Deposit(Room 2)1,325.00Deposit(Room 3)1,600.00Bills included?SomeA...",Room,N/A,1,https://assets.spareroom.co.uk/images/spareroom/v4/search/list/TUBE_14x11.png,https://assets.spareroom.co.uk/images/spareroom/v4/search/list/TUBE_14x11.png,Free tocontact,N/A,Bills Included,,,,11-Sep-25,Yes,Some,Yes,Yes,,"1,325.00","1,325.00","1,600.00",,No,Furnished,No,No,,No,,12 months,18,12 months,,,Available to all,No,No,265 pw,Yes,double,No,,,
https://www.spareroom.co.uk/flatshare/london/highbury/17926764?utm_source=copy_link&utm_medium=social_share&utm_campaign=advert_share,XXXX,Highbury,51.5549091,-0.0920791,210,Flat shareHighburyN5Area infoCanonbury StationTube map0-5 minutes walk awayView on map210 pw(NOW LET)220 pwdouble225 pwdouble235 pwdoubleAvailabilityAvailable25 Aug 2025Minimum term12 monthsMaximum termNoneExtra costDeposit(Room 2)0.00Deposit(Room 3)0.00Deposit(Room 4)0.00Bills included?SomeA...,Room,now,2,https://assets.spareroom.co.uk/images/spareroom/v4/search/list/LDNOG_14x11.png,"https://assets.spareroom.co.uk/images/spareroom/v4/search/list/LDNOG_14x11.png, https://assets.spareroom.co.uk/images/spareroom/v4/search/list/BR_14x11.png",Free tocontact,N/A,Bills Included,23,,No,25-Aug-25,Yes,Some,Yes,No,,,0,0,0,No,Furnished,No,Yes,Female,No,,None,,12 months,,1,Available to all,No,No,210 pw,No,(NOW LET),No,No,4,
https://www.spareroom.co.uk/flatshare/london/marylebone/17924923?utm_source=copy_link&utm_medium=social_share&utm_campaign=advert_share,Paddington,Marylebone,51.5248073,-0.1708956,255,"Flat shareMaryleboneNW8Area infoEdgware Road StationTube map5-10 minutes walk awayView on map255 pwdouble285 pwdouble320 pwdoubleAvailabilityAvailable07 Sep 2025Minimum term12 monthsMaximum term12 monthsExtra costDeposit(Room 1)1,275.00Deposit(Room 2)1,425.00Deposit(Room 3)1,600.00Bills includ...",Room,N/A,1,https://assets.spareroom.co.uk/images/spareroom/v4/search/list/TUBE_14x11.png,https://assets.spareroom.co.uk/images/spareroom/v4/search/list/TUBE_14x11.png,Free tocontact,N/A,N/A,,,,7-Sep-25,Yes,Some,Yes,Yes,,"1,275.00","1,425.00","1,600.00",,No,Furnished,No,No,,shared,,12 months,18,12 months,,,Available to all,No,No,255 pw,Yes,double,No,,,
https://www.spareroom.co.uk/flatshare/london/old_street/17926004?utm_source=copy_link&utm_medium=social_share&utm_campaign=advert_share,Old Street,Old Street,51.5291855,-0.0879214,230,"Flat shareOld StreetN1Area infoOld Street StationTube map5-10 minutes walk awayView on map230 pw(NOW LET)255 pwdouble265 pwdouble280 pwdoubleAvailabilityAvailable25 Aug 2025Minimum term12 monthsMaximum term12 monthsExtra costDeposit(Room 2)1,275.00Deposit(Room 3)1,325.00Deposit(Room 4)1,400.0...",Room,now,2,https://assets.spareroom.co.uk/images/spareroom/v4/search/list/TUBE_14x11.png,"https://assets.spareroom.co.uk/images/spareroom/v4/search/list/TUBE_14x11.png, https://assets.spareroom.co.uk/images/spareroom/v4/search/list/BR_14x11.png",Free tocontact,N/A,N/A,,,,25-Aug-25,No,Some,Yes,No,,,"1,275.00","1,325.00","1,400.00",No,Furnished,No,No,,No,,12 months,18,12 months,,,Available to all,No,No,230 pw,Yes,(NOW LET),No,,,
https://www.spareroom.co.uk/flatshare/london/kilburn/17926060?utm_source=copy_link&utm_medium=social_share&utm_campaign=advert_share,DonÄôt Miss Out!,Kilburn,51.5408786,-0.2006502,190,"Flat shareKilburnNW6Area infoBrondesbury StationTube map5-10 minutes walk awayView on map190 pw(NOW LET)235 pwdouble240 pwdouble265 pwdoubleAvailabilityAvailable09 Sep 2025Minimum term12 monthsMaximum term12 monthsExtra costDeposit(Room 2)1,175.00Deposit(Room 3)1,200.00Deposit(Room 4)1,325.00...",Room,now,2,https://assets.spareroom.co.uk/images/spareroom/v4/search/list/LDNOG_14x11.png,"https://assets.spareroom.co.uk/images/spareroom/v4/search/list/LDNOG_14x11.png, https://assets.spareroom.co.uk/images/spareroom/v4/search/list/BR_14x11.png",Free tocontact,N/A,N/A,,,,9-Sep-25,No,Some,Yes,No,,,"1,175.00","1,200.00","1,325.00",No,Furnished,No,No,,No,,12 months,18,12 months,,,Available to all,No,No,190 pw,Yes,(NOW LET),No,,,
https://www.spareroom.co.uk/flatshare/london/acton/17928145?utm_source=copy_link&utm_medium=social_share&utm_campaign=advert_share,Lovely Spacious Double Bedroom in Acton W3,Acton,51.5047252,-0.2540071,"1,020","Flat shareActonW3Area infoActon Central StationTube map5-10 minutes walk awayView on map1,020 pcmdoubleAvailabilityAvailableNowMinimum term6 monthsMaximum term6 monthsExtra costDeposit0.00Bills included?YesAmenitiesFurnishingsFurnishedParkingNoGarageNoGarden/patioNoBalcony/roof terraceNoDisabled a...",Room,now,7,https://photos2.spareroom.co.uk/images/flatshare/listings/large/97/12/97128023.jpg,"https://photos2.spareroom.co.uk/images/flatshare/listings/large/97/12/97128023.jpg, https://photos2.spareroom.co.uk/images/flatshare/listings/square/97/12/97128027.jpg, https://photos2.spareroom.co.uk/images/flatshare/listings/square/97/12/97128020.jpg, https://photos2.spareroom.co.uk/images/flatshare/listings/square/97/12/97128021.jpg, https://photos2.spareroom.co.uk/images/flatshare/listings/square/97/12/97128022.jpg, https://assets.spareroom.co.uk/images/spareroom/v4/search/list/LDNOG_14x11.png, https://assets.spareroom.co.uk/images/spareroom/v4/search/list/BR_14x11.png",Free tocontact,Built Asset Management Limited,"Parking, Garden, Balcony, Bills Included, Furnished",,,No,Now,No,Yes,Yes,No,0,,,,,No,Furnished,No,No,3 Males,shared,45,6 months,21,6 months,,3,Not suitable for students,No,No,"1,020 pcm",Yes,double,No,No,4,
https://www.spareroom.co.uk/flatshare/london/earlsfield/17929715?utm_source=copy_link&utm_medium=social_share&utm_campaign=advert_share,Stunning Professional House in Earlsfield,Earlsfield,51.4489372,-0.1837013,975,House shareEarlsfieldSW18Area infoEarlsfield StationTube map5-10 minutes walk awayView on map975 pcmdoubleAvailabilityAvailable19 Sep 2025Minimum term6 monthsMaximum termNoneExtra costDeposit0.00Bills included?YesAmenitiesFurnishingsFurnishedParkingNoGarageNoGarden/patioYesBalcony/roof terraceNoDi...,House,N/A,8,https://photos2.spareroom.co.uk/images/flatshare/listings/large/97/14/97140970.jpg,"https://photos2.spareroom.co.uk/images/flatshare/listings/large/97/14/97140970.jpg, https://photos2.spareroom.co.uk/images/flatshare/listings/square/97/14/97140976.jpg, https://photos2.spareroom.co.uk/images/flatshare/listings/square/97/14/97140975.jpg, https://photos2.spareroom.co.uk/images/flatshare/listings/square/97/14/97140974.jpg, https://photos2.spareroom.co.uk/images/flatshare/listings/square/97/14/97140971.jpg, https://photos2.spareroom.co.uk/images/flatshare/listings/square/97/14/97140972.jpg, https://photos2.spareroom.co.uk/images/flatshare/listings/square/97/14/97140973.jpg, https://assets.spareroom.co.uk/images/spareroom/v4/search/list/BR_14x11.png",Free tocontact,Built Asset Management Limited,"Parking, Garden, Balcony, Bills Included, Furnished",,,No,19-Sep-25,No,Yes,Yes,No,0,,,,,No,Furnished,No,Yes,4 Males,shared,45,None,21,6 months,4,,Not suitable for students,No,No,975 pcm,Yes,double,No,No,5,
https://www.spareroom.co.uk/flatshare/london/ealing/17911933?utm_source=copy_link&utm_medium=social_share&utm_campaign=advert_share,Less Than One Min To The Elizabeth Line!,Ealing,51.5143727,-0.3198194,931,Flat shareEalingW13Area infoView on map931 pcm(NOW LET)902 pcm(NOW LET)931 pcm(NOW LET)902 pcm(NOW LET)AvailabilityAvailableNowMinimum term6 monthsMaximum term12 monthsExtra costBills included?YesAmenitiesFurnishingsFurnishedParkingNoGarageNoGarden/patioNoBalcony/roof terraceNoDisabled accessNoL...,Flat,now,6,https://photos2.spareroom.co.uk/images/flatshare/listings/large/96/99/96996893.jpg,"https://photos2.spareroom.co.uk/images/flatshare/listings/large/96/99/96996893.jpg, https://photos2.spareroom.co.uk/images/flatshare/listings/square/96/99/96996888.jpg, https://photos2.spareroom.co.uk/images/flatshare/listings/square/96/99/96996884.jpg, https://photos2.spareroom.co.uk/images/flatshare/listings/square/96/99/96996883.jpg, https://photos2.spareroom.co.uk/images/flatshare/listings/square/96/99/96996886.jpg, https://photos2.spareroom.co.uk/images/flatshare/listings/square/96/99/96996892.jpg",Free tocontact,N/A,"Parking, Garden, Balcony, Bills Included, Furnished",,,No,Now,No,Yes,Yes,No,,,,,,No,Furnished,No,No,2 Males,No,45,12 months,21,6 months,,2,Not suitable for students,No,No,931 pcm,Yes,(NOW LET),No,No,6,
https://www.spareroom.co.uk/flatshare/london/ealing/17901034?utm_source=copy_link&utm_medium=social_share&utm_campaign=advert_share,Large room moments from West Ealing Station,Ealing,51.5105629,-0.3282172,843,House shareEalingW13Area infoWest Ealing StationTube map5-10 minutes walk awayView on map843 pcmdoubleAvailabilityAvailable31 Aug 2025Minimum term6 monthsMaximum term12 monthsExtra costDeposit0.00Bills included?YesAmenitiesFurnishingsFurnishedParkingNoGarageNoGarden/patioYesBalcony/roof terraceNoD...,Room,N/A,6,https://photos2.spareroom.co.uk/images/flatshare/listings/large/96/92/96924731.jpg,"https://photos2.spareroom.co.uk/images/flatshare/listings/large/96/92/96924731.jpg, https://photos2.spareroom.co.uk/images/flatshare/listings/square/96/90/96907898.jpg, https://photos2.spareroom.co.uk/images/flatshare/listings/square/96/90/96907900.jpg, https://photos2.spareroom.co.uk/images/flatshare/listings/square/96/90/96907896.jpg, https://photos2.spareroom.co.uk/images/flatshare/listings/square/96/90/96907895.jpg, https://assets.spareroom.co.uk/images/spareroom/v4/search/list/BR_14x11.png",Free tocontact,Built Asset Management Limited,"Parking, Garden, Balcony, Bills Included, Furnished",,,No,31-Aug-25,No,Yes,Yes,No,0,,,,,No,Furnished,No,Yes,4 Males,shared,45,12 months,21,6 months,4,,Not suitable for students,No,No,843 pcm,Yes,double,No,No,5,
https://www.spareroom.co.uk/flatshare/london/north_acton/17880718?utm_source=copy_link&utm_medium=social_share&utm_campaign=advert_share,North Acton Professional Home,North Acton,51.5263178,-0.2534981,909,House shareNorth ActonNW10Area infoView on map909 pcmdouble854 pcm(NOW LET)AvailabilityAvailableNowMinimum term3 monthsMaximum termNoneExtra costDeposit0.00Bills included?YesAmenitiesFurnishingsFurnishedParkingNoGarageNoGarden/patioYesBalcony/roof terraceNoDisabled accessNoLiving roomsharedBroadb...,Room,now,8,https://photos2.spareroom.co.uk/images/flatshare/listings/large/97/15/97155005.jpg,"https://photos2.spareroom.co.uk/images/flatshare/listings/large/97/15/97155005.jpg, https://photos2.spareroom.co.uk/images/flatshare/listings/square/96/73/96739453.jpg, https://photos2.spareroom.co.uk/images/flatshare/listings/square/96/73/96739460.jpg, https://photos2.spareroom.co.uk/images/flatshare/listings/square/96/73/96739457.jpg, https://photos2.spareroom.co.uk/images/flatshare/listings/square/96/73/96739458.jpg, https://photos2.spareroom.co.uk/images/flatshare/listings/square/96/73/96739461.jpg, https://photos2.spareroom.co.uk/images/flatshare/listings/square/96/73/96739454.jpg, https://photos2.spareroom.co.uk/images/flatshare/listings/square/96/73/96739462.jpg",Free tocontact,Built Asset Management Limited,"Parking, Garden, Balcony, Bills Included, Furnished",,,No,Now,No,Yes,Yes,No,0,,,,,No,Furnished,No,Yes,"1 Female, 2 Males",shared,45,None,21,3 months,3,,Available to all,No,No,909 pcm,Yes,double,No,No,5,
https://www.spareroom.co.uk/flatshare/london/ealing/17924710?utm_source=copy_link&utm_medium=social_share&utm_campaign=advert_share,En suite room moments from the Station and High St,Ealing,51.5025667,-0.3148796,"1,075","House shareEalingW13Area infoSouth Ealing StationTube map5-10 minutes walk awayView on map1,075 pcmdouble En suiteAvailabilityAvailableNowMinimum term6 monthsMaximum term12 monthsExtra costDeposit1,075.00Bills included?YesAmenitiesFurnishingsFurnishedParkingNoGarageNoGarden/patioYesBalcony/roof te...",Room,now,9,https://photos2.spareroom.co.uk/images/flatshare/listings/large/97/10/97101006.jpg,"https://photos2.spareroom.co.uk/images/flatshare/listings/large/97/10/97101006.jpg, https://photos2.spareroom.co.uk/images/flatshare/listings/square/97/10/97101007.jpg, https://photos2.spareroom.co.uk/images/flatshare/listings/square/97/10/97101011.jpg, https://photos2.spareroom.co.uk/images/flatshare/listings/square/97/10/97101008.jpg, https://photos2.spareroom.co.uk/images/flatshare/listings/square/97/10/97101009.jpg, https://photos2.spareroom.co.uk/images/flatshare/listings/square/97/10/97101012.jpg, https://photos2.spareroom.co.uk/images/flatshare/listings/square/97/10/97101015.jpg, https://photos2.spareroom.co.uk/images/flatshare/listings/square/97/10/97101032.jpg, https://assets.spareroom.co.uk/images/spareroom/v4/search/list/TUBE_14x11.png",Free tocontact,N/A,"Parking, Garden, Balcony, Bills Included, Furnished",,,No,Now,No,Yes,Yes,No,"1,075.00",,,,,No,Furnished,No,Yes,"2 Females, 3 Males",shared,45,12 months,21,6 months,5,,Not suitable for students,No,No,"1,075 pcm",Yes,double En suite,No,No,6,
https://www.spareroom.co.uk/flatshare/london/ealing/17912775?utm_source=copy_link&utm_medium=social_share&utm_campaign=advert_share,Large room moments from the West Ealing Station,Ealing,51.5125955,-0.3225654,925,House shareEalingW13Area infoWest Ealing StationTube map0-5 minutes walk awayView on map925 pcmdoubleAvailabilityAvailableNowMinimum term2 monthsMaximum termNoneExtra costDeposit0.00Bills included?YesAmenitiesFurnishingsFurnishedParkingNoGarageNoGarden/patioYesBalcony/roof terraceNoDisabled access...,Room,now,8,https://photos2.spareroom.co.uk/images/flatshare/listings/large/97/00/97003333.jpg,"https://photos2.spareroom.co.uk/images/flatshare/listings/large/97/00/97003333.jpg, https://photos2.spareroom.co.uk/images/flatshare/listings/square/97/00/97003334.jpg, https://photos2.spareroom.co.uk/images/flatshare/listings/square/97/00/97003335.jpg, https://photos2.spareroom.co.uk/images/flatshare/listings/square/97/00/97003336.jpg, https://photos2.spareroom.co.uk/images/flatshare/listings/square/97/00/97003338.jpg, https://photos2.spareroom.co.uk/images/flatshare/listings/square/97/00/97003339.jpg, https://photos2.spareroom.co.uk/images/flatshare/listings/square/97/00/97003340.jpg, https://assets.spareroom.co.uk/images/spareroom/v4/search/list/BR_14x11.png",Free tocontact,Built Asset Management Limited,"Parking, Garden, Balcony, Bills Included, Furnished",,,No,Now,No,Yes,Yes,No,0,,,,,No,Furnished,No,Yes,"3 Females, 1 Male",No,45,None,21,2 months,4,,Not suitable for students,No,No,925 pcm,Yes,double,No,No,5,
https://www.spareroom.co.uk/flatshare/london/ealing/17922407?utm_source=copy_link&utm_medium=social_share&utm_campaign=advert_share,Huge Room moments from the UG at: Northfields,Ealing,51.5057237,-0.3193165,878,House shareEalingW13Area infoNorthfields StationTube map5-10 minutes walk awayView on map878 pcmdoubleAvailabilityAvailableNowMinimum term6 monthsMaximum term6 monthsExtra costDeposit0.00Bills included?YesAmenitiesFurnishingsFurnishedParkingNoGarageNoGarden/patioYesBalcony/roof terraceNoDisabled a...,Room,now,6,https://photos2.spareroom.co.uk/images/flatshare/listings/large/97/08/97081835.jpg,"https://photos2.spareroom.co.uk/images/flatshare/listings/large/97/08/97081835.jpg, https://photos2.spareroom.co.uk/images/flatshare/listings/square/97/08/97081826.jpg, https://photos2.spareroom.co.uk/images/flatshare/listings/square/97/08/97081830.jpg, https://photos2.spareroom.co.uk/images/flatshare/listings/square/97/08/97081832.jpg, https://photos2.spareroom.co.uk/images/flatshare/listings/square/97/08/97081828.jpg, https://assets.spareroom.co.uk/images/spareroom/v4/search/list/TUBE_14x11.png",Free tocontact,Built Asset Management Limited,"Parking, Garden, Balcony, Bills Included, Furnished",,,No,Now,No,Yes,Yes,No,0,,,,,No,Furnished,No,Yes,4 Males,shared,45,6 months,21,6 months,4,,Not suitable for students,No,No,878 pcm,Yes,double,No,No,5,
https://www.spareroom.co.uk/flatshare/london/drayton_green/17826111?utm_source=copy_link&utm_medium=social_share&utm_campaign=advert_share,Luxurious house with so much social space!,Drayton Green,51.5207382,-0.3272966,885,House shareDrayton GreenW13Area infoView on map885 pcmdoubleAvailabilityAvailableNowMinimum term2 monthsMaximum term2 monthsExtra costDeposit0.00Bills included?YesAmenitiesFurnishingsFurnishedParkingNoGarageNoGarden/patioYesBalcony/roof terraceNoDisabled accessNoLiving roomsharedBroadband included...,Room,now,11,https://photos2.spareroom.co.uk/images/flatshare/listings/large/96/27/96277337.jpg,"https://photos2.spareroom.co.uk/images/flatshare/listings/large/96/27/96277337.jpg, https://photos2.spareroom.co.uk/images/flatshare/listings/square/96/27/96277336.jpg, https://photos2.spareroom.co.uk/images/flatshare/listings/square/96/27/96277333.jpg, https://photos2.spareroom.co.uk/images/flatshare/listings/square/96/27/96277328.jpg, https://photos2.spareroom.co.uk/images/flatshare/listings/square/96/27/96277331.jpg, https://photos2.spareroom.co.uk/images/flatshare/listings/square/96/27/96277332.jpg, https://photos2.spareroom.co.uk/images/flatshare/listings/square/96/27/96277334.jpg, https://photos2.spareroom.co.uk/images/flatshare/listings/square/96/27/96277327.jpg, https://photos2.spareroom.co.uk/images/flatshare/listings/square/96/27/96277335.jpg, https://photos2.spareroom.co.uk/images/flatshare/listings/square/96/27/96277329.jpg, https://photos2.spareroom.co.uk/images/flatshare/listings/square/96/27/96277330.jpg",Free tocontact,Built Asset Management Limited,"Parking, Garden, Balcony, Bills Included, Furnished",,,No,Now,No,Yes,Yes,No,0,,,,,No,Furnished,No,Yes,"1 Female, 3 Males",shared,45,2 months,21,2 months,4,,Not suitable for students,No,No,885 pcm,Yes,double,No,No,5,
https://www.spareroom.co.uk/flatshare/london/chiswick/17909524?utm_source=copy_link&utm_medium=social_share&utm_campaign=advert_share,Massive room in Chiswick,Chiswick,51.5007063,-0.2540599,"1,137","House shareChiswickW4Area infoTurnham Green StationTube map5-10 minutes walk awayView on map1,137 pcmdoubleAvailabilityAvailable31 Aug 2025Minimum term6 monthsMaximum term6 monthsExtra costDeposit0.00Bills included?YesAmenitiesFurnishingsFurnishedParkingNoGarageNoGarden/patioYesBalcony/roof terrac...",Room,N/A,10,https://photos2.spareroom.co.uk/images/flatshare/listings/large/96/97/96977263.jpg,"https://photos2.spareroom.co.uk/images/flatshare/listings/large/96/97/96977263.jpg, https://photos2.spareroom.co.uk/images/flatshare/listings/square/96/97/96977270.jpg, https://photos2.spareroom.co.uk/images/flatshare/listings/square/96/97/96977264.jpg, https://photos2.spareroom.co.uk/images/flatshare/listings/square/96/97/96977265.jpg, https://photos2.spareroom.co.uk/images/flatshare/listings/square/96/97/96977266.jpg, https://photos2.spareroom.co.uk/images/flatshare/listings/square/96/97/96977267.jpg, https://photos2.spareroom.co.uk/images/flatshare/listings/square/96/97/96977262.jpg, https://photos2.spareroom.co.uk/images/flatshare/listings/square/96/97/96977268.jpg, https://photos2.spareroom.co.uk/images/flatshare/listings/square/96/97/96977269.jpg, https://assets.spareroom.co.uk/images/spareroom/v4/search/list/TUBE_14x11.png",Free tocontact,Built Asset Management Limited,"Parking, Garden, Balcony, Bills Included, Furnished",,,No,31-Aug-25,No,Yes,Yes,No,0,,,,,No,Furnished,No,Yes,All Males,shared,45,6 months,21,6 months,6,,Not suitable for students,No,No,"1,137 pcm",Yes,double,No,No,7,
https://www.spareroom.co.uk/flatshare/london/east_putney/14424955?utm_source=copy_link&utm_medium=social_share&utm_campaign=advert_share,üî• East Putney large Double Room!üî• 1300PCM,East Putney,51.45983112,-0.201512314,1300,"House shareEast PutneySW15Area infoEast Putney StationTube map5-10 minutes walk awayView on map1,300 pcmdoubleAvailabilityAvailable01 Oct 2025Minimum term6 monthsMaximum termNoneExtra costDeposit0.00Bills included?YesAmenitiesFurnishingsFurnishedParkingYesGarageNoGarden/patioYesBalcony/roof terrac...",Room,N/A,8,https://photos2.spareroom.co.uk/images/flatshare/listings/large/97/15/97159884.jpg,"https://photos2.spareroom.co.uk/images/flatshare/listings/large/97/15/97159884.jpg, https://photos2.spareroom.co.uk/images/flatshare/listings/square/97/15/97159883.jpg, https://photos2.spareroom.co.uk/images/flatshare/listings/square/81/87/81879685.jpg, https://photos2.spareroom.co.uk/images/flatshare/listings/square/70/93/70935565.jpg, https://photos2.spareroom.co.uk/images/flatshare/listings/square/70/93/70935574.jpg, https://photos2.spareroom.co.uk/images/flatshare/listings/square/70/93/70935577.jpg, https://assets.spareroom.co.uk/images/spareroom/v4/search/list/TUBE_14x11.png, https://static.spareroom.co.uk/static/brandedads/610/logo.png",Free tocontact,Capital Living,"Parking, Garden, Balcony, Bills Included, Furnished",,,No,1-Oct-25,No,Yes,Yes,No,0,,,,,No,Furnished,No,Yes,"2 Females, 3 Males",shared,45,None,21,6 months,5,,Not suitable for students,Yes,No,"1,300 pcm",No,double,No,No,6,
https://www.spareroom.co.uk/flatshare/london/earlsfield/17066411?utm_source=copy_link&utm_medium=social_share&utm_campaign=advert_share,Newly refurbished double rooms  - 1021- 1229,Earlsfield,51.4398779,-0.1839634,1021,"House shareEarlsfieldSW18Area infoEarlsfield StationTube map5-10 minutes walk awayView on map1,021 pcmdouble1,229 pcmdoubleAvailabilityAvailable30 Sep 2025Minimum term6 monthsMaximum termNoneExtra costDeposit(Room 1)0.00Deposit(Room 2)0.00Bills included?YesAmenitiesFurnishingsFurnishedParkingNoG...",Room,N/A,10,https://photos2.spareroom.co.uk/images/flatshare/listings/large/97/08/97089273.jpg,"https://photos2.spareroom.co.uk/images/flatshare/listings/large/97/08/97089273.jpg, https://photos2.spareroom.co.uk/images/flatshare/listings/square/97/08/97089272.jpg, https://photos2.spareroom.co.uk/images/flatshare/listings/square/97/08/97089280.jpg, https://photos2.spareroom.co.uk/images/flatshare/listings/square/97/08/97089279.jpg, https://photos2.spareroom.co.uk/images/flatshare/listings/square/97/08/97089292.jpg, https://photos2.spareroom.co.uk/images/flatshare/listings/square/90/14/90144129.jpg, https://photos2.spareroom.co.uk/images/flatshare/listings/square/97/08/97089295.jpg, https://photos2.spareroom.co.uk/images/flatshare/listings/square/90/14/90144127.jpg, https://assets.spareroom.co.uk/images/spareroom/v4/search/list/BR_14x11.png, https://static.spareroom.co.uk/static/brandedads/610/logo.png",Free tocontact,Capital Living,"Parking, Bills Included, Furnished",,,No,30-Sep-25,No,Yes,Yes,No,,0,0,,,No,Furnished,No,Yes,"2 Females, 4 Males",shared,45,None,21,6 months,6,,Not suitable for students,No,No,"1,021 pcm",No,double,No,No,6,Yes
https://www.spareroom.co.uk/flatshare/london/chiswick/17917367?utm_source=copy_link&utm_medium=social_share&utm_campaign=advert_share,Large double room in Chiswick for 1211,Chiswick,51.501051,-0.254868,1211,"House shareChiswickW4Area infoTurnham Green StationTube map5-10 minutes walk awayView on map1,211 pcmdoubleAvailabilityAvailable20 Aug 2025Minimum term6 monthsMaximum termNoneExtra costDeposit0.00Bills included?YesAmenitiesFurnishingsFurnishedParkingNoGarageNoGarden/patioYesBalcony/roof terraceNoD...",Room,N/A,9,https://photos2.spareroom.co.uk/images/flatshare/listings/large/97/04/97040863.jpg,"https://photos2.spareroom.co.uk/images/flatshare/listings/large/97/04/97040863.jpg, https://photos2.spareroom.co.uk/images/flatshare/listings/square/97/04/97040865.jpg, https://photos2.spareroom.co.uk/images/flatshare/listings/square/97/04/97040864.jpg, https://photos2.spareroom.co.uk/images/flatshare/listings/square/97/04/97040857.jpg, https://photos2.spareroom.co.uk/images/flatshare/listings/square/97/04/97040861.jpg, https://photos2.spareroom.co.uk/images/flatshare/listings/square/97/04/97040860.jpg, https://photos2.spareroom.co.uk/images/flatshare/listings/square/97/04/97040858.jpg, https://assets.spareroom.co.uk/images/spareroom/v4/search/list/TUBE_14x11.png, https://static.spareroom.co.uk/static/brandedads/610/logo.png",Free tocontact,Capital Living,"Parking, Garden, Balcony, Bills Included, Furnished",,,No,20-Aug-25,No,Yes,Yes,No,0,,,,,No,Furnished,No,Yes,"3 Females, 2 Males",shared,45,None,22,6 months,5,,Available to all,No,No,"1,211 pcm",No,double,No,No,6,
https://www.spareroom.co.uk/flatshare/london/ealing/17927850?utm_source=copy_link&utm_medium=social_share&utm_campaign=advert_share,2 double rooms in Ealing 902 - 931,Ealing,51.5139325,-0.3198501,902,Flat shareEalingW13Area infoWest Ealing StationTube map0-5 minutes walk awayView on map902 pcmdouble931 pcmdoubleAvailabilityAvailable31 Aug 2025Minimum term6 monthsMaximum termNoneExtra costDeposit(Room 1)0.00Deposit(Room 2)0.00Bills included?YesAmenitiesFurnishingsFurnishedParkingNoGarageNoGar...,Room,N/A,7,https://photos2.spareroom.co.uk/images/flatshare/listings/large/97/12/97125530.jpg,"https://photos2.spareroom.co.uk/images/flatshare/listings/large/97/12/97125530.jpg, https://photos2.spareroom.co.uk/images/flatshare/listings/square/97/12/97125531.jpg, https://photos2.spareroom.co.uk/images/flatshare/listings/square/97/12/97125532.jpg, https://photos2.spareroom.co.uk/images/flatshare/listings/square/97/12/97125533.jpg, https://photos2.spareroom.co.uk/images/flatshare/listings/square/97/12/97125534.jpg, https://photos2.spareroom.co.uk/images/flatshare/listings/square/97/12/97125535.jpg, https://assets.spareroom.co.uk/images/spareroom/v4/search/list/BR_14x11.png",Free tocontact,N/A,"Parking, Bills Included, Furnished",,,No,31-Aug-25,No,Yes,Yes,No,,0,0,,,No,Furnished,No,No,"2 Females, 2 Males",shared,45,None,22,6 months,,4,Available to all,No,No,902 pcm,No,double,No,No,6,
https://www.spareroom.co.uk/flatshare/london/clapham/17715639?utm_source=copy_link&utm_medium=social_share&utm_campaign=advert_share,Double room in Clapham for 1150,Clapham,51.4680781,-0.1296257,1150,"House shareClaphamSW4Area infoClapham North StationTube map0-5 minutes walk awayView on map1,150 pcmdoubleAvailabilityAvailable01 Oct 2025Minimum term6 monthsMaximum term12 monthsExtra costDeposit0.00Bills included?YesAmenitiesFurnishingsFurnishedParkingNoGarageNoGarden/patioYesBalcony/roof terrac...",Room,N/A,9,https://photos2.spareroom.co.uk/images/flatshare/listings/large/97/13/97130851.jpg,"https://photos2.spareroom.co.uk/images/flatshare/listings/large/97/13/97130851.jpg, https://photos2.spareroom.co.uk/images/flatshare/listings/square/97/13/97130849.jpg, https://photos2.spareroom.co.uk/images/flatshare/listings/square/95/34/95340457.jpg, https://photos2.spareroom.co.uk/images/flatshare/listings/square/95/34/95340453.jpg, https://photos2.spareroom.co.uk/images/flatshare/listings/square/95/34/95340459.jpg, https://photos2.spareroom.co.uk/images/flatshare/listings/square/97/13/97130847.jpg, https://photos2.spareroom.co.uk/images/flatshare/listings/square/97/13/97130848.jpg, https://photos2.spareroom.co.uk/images/flatshare/listings/square/97/13/97130850.jpg, https://assets.spareroom.co.uk/images/spareroom/v4/search/list/TUBE_14x11.png",Free tocontact,N/A,"Parking, Garden, Balcony, Bills Included, Furnished",,,No,1-Oct-25,Yes,Yes,Yes,No,0,,,,,No,Furnished,No,Yes,"1 Female, 6 Males",shared,45,12 months,21,6 months,7,,Not suitable for students,No,No,"1,150 pcm",No,double,Yes,No,8,
https://www.spareroom.co.uk/flatshare/london/fulham/17907788?utm_source=copy_link&utm_medium=social_share&utm_campaign=advert_share,Cosy Bedroom in Fulham,Fulham,51.4802141,-0.2006346,"1,306","House shareFulhamSW6Area infoView on map1,306 pcm(NOW LET)900 pcmsingleAvailabilityAvailable31 Aug 2025Minimum term6 monthsMaximum term12 monthsExtra costDeposit0.00Bills included?YesAmenitiesFurnishingsFurnishedParkingYesGarden/patioYesDisabled accessLiving roomsharedBroadband includedYesCurrent...",Room,now,11,https://photos2.spareroom.co.uk/images/flatshare/listings/large/96/96/96963125.jpg,"https://photos2.spareroom.co.uk/images/flatshare/listings/large/96/96/96963125.jpg, https://photos2.spareroom.co.uk/images/flatshare/listings/square/96/96/96963124.jpg, https://photos2.spareroom.co.uk/images/flatshare/listings/square/96/96/96963123.jpg, https://photos2.spareroom.co.uk/images/flatshare/listings/square/96/96/96963170.jpg, https://photos2.spareroom.co.uk/images/flatshare/listings/square/96/96/96963167.jpg, https://photos2.spareroom.co.uk/images/flatshare/listings/square/96/96/96963168.jpg, https://photos2.spareroom.co.uk/images/flatshare/listings/square/96/96/96963172.jpg, https://photos2.spareroom.co.uk/images/flatshare/listings/square/96/96/96963165.jpg, https://photos2.spareroom.co.uk/images/flatshare/listings/square/96/96/96963166.jpg, https://photos2.spareroom.co.uk/images/flatshare/listings/square/96/96/96963169.jpg, https://photos2.spareroom.co.uk/images/flatshare/listings/square/42/60/42603067.jpg",Free tocontact,Built Asset Management Limited,"Parking, Garden, Bills Included, Furnished",,22 to 27,No,31-Aug-25,,Yes,Yes,No,0,,,,,,Furnished,,Yes,"2 Females, 2 Males",shared,45,12 months,21,6 months,4,,Not suitable for students,Yes,No,"1,306 pcm",Yes,(NOW LET),No,No,6,
https://www.spareroom.co.uk/flatshare/london/acton/17891875?utm_source=copy_link&utm_medium=social_share&utm_campaign=advert_share,Lovely Spacious Double Bedroom in Acton W3,Acton,51.5047252,-0.2540071,"1,020","House shareActonW3Area infoActon Central StationTube map5-10 minutes walk awayView on map1,020 pcmdoubleAvailabilityAvailableNowMinimum term3 monthsMaximum termNoneExtra costDeposit0.00Bills included?YesAmenitiesFurnishingsFurnishedParkingYesGarageNoGarden/patioNoBalcony/roof terraceNoDisabled acc...",Room,now,8,https://photos2.spareroom.co.uk/images/flatshare/listings/large/96/83/96832218.jpg,"https://photos2.spareroom.co.uk/images/flatshare/listings/large/96/83/96832218.jpg, https://photos2.spareroom.co.uk/images/flatshare/listings/square/96/83/96832219.jpg, https://photos2.spareroom.co.uk/images/flatshare/listings/square/96/83/96832215.jpg, https://photos2.spareroom.co.uk/images/flatshare/listings/square/96/83/96832214.jpg, https://photos2.spareroom.co.uk/images/flatshare/listings/square/96/83/96832217.jpg, https://photos2.spareroom.co.uk/images/flatshare/listings/square/42/60/42603067.jpg, https://assets.spareroom.co.uk/images/spareroom/v4/search/list/LDNOG_14x11.png, https://assets.spareroom.co.uk/images/spareroom/v4/search/list/BR_14x11.png",Free tocontact,Built Asset Management Limited,"Parking, Garden, Balcony, Bills Included, Furnished",,20 to 39,No,Now,No,Yes,Yes,No,0,,,,,No,Furnished,No,No,3 Males,No,45,None,21,3 months,3,,Not suitable for students,Yes,No,"1,020 pcm",Yes,double,No,No,4,
https://www.spareroom.co.uk/flatshare/london/balham/17924636?utm_source=copy_link&utm_medium=social_share&utm_campaign=advert_share,Three Spacious Double Rooms in Lovely Balham SW12,Balham,51.4405325,-0.1625656,"1,350","House shareBalhamSW12Area infoView on map1,350 pcm(NOW LET)1,275 pcmdouble1,150 pcm(NOW LET)AvailabilityAvailable12 Sep 2025Minimum term6 monthsMaximum term12 monthsExtra costDeposit0.00Bills included?YesAmenitiesFurnishingsFurnishedParkingYesGarageNoGarden/patioYesBalcony/roof terraceNoDisabled...",Room,now,12,https://photos2.spareroom.co.uk/images/flatshare/listings/large/97/12/97129502.jpg,"https://photos2.spareroom.co.uk/images/flatshare/listings/large/97/12/97129502.jpg, https://photos2.spareroom.co.uk/images/flatshare/listings/square/97/10/97100155.jpg, https://photos2.spareroom.co.uk/images/flatshare/listings/square/97/10/97100153.jpg, https://photos2.spareroom.co.uk/images/flatshare/listings/square/97/10/97100167.jpg, https://photos2.spareroom.co.uk/images/flatshare/listings/square/97/10/97100163.jpg, https://photos2.spareroom.co.uk/images/flatshare/listings/square/97/10/97100168.jpg, https://photos2.spareroom.co.uk/images/flatshare/listings/square/97/10/97100169.jpg, https://photos2.spareroom.co.uk/images/flatshare/listings/square/97/10/97100170.jpg, https://photos2.spareroom.co.uk/images/flatshare/listings/square/97/10/97100152.jpg, https://photos2.spareroom.co.uk/images/flatshare/listings/square/97/10/97100164.jpg, https://photos2.spareroom.co.uk/images/flatshare/listings/square/97/10/97100165.jpg, https://photos2.spareroom.co.uk/images/flatshare/listings/square/42/60/42603067.jpg",Free tocontact,Built Asset Management Limited,"Parking, Garden, Balcony, Bills Included, Furnished",,26 to 33,No,12-Sep-25,No,Yes,Yes,No,0,,,,,No,Furnished,No,Yes,3 Males,shared,45,12 months,21,6 months,3,,Not suitable for students,Yes,No,"1,350 pcm",Yes,(NOW LET),No,No,6,
https://www.spareroom.co.uk/flatshare/london/ealing/17924540?utm_source=copy_link&utm_medium=social_share&utm_campaign=advert_share,Double Bedroom in Lovely Modern Home W7,Ealing,51.5080308,-0.3278488,900,House shareEalingW7Area infoWest Ealing StationTube map5-10 minutes walk awayView on map900 pcmdoubleAvailabilityAvailableNowMinimum term6 monthsMaximum term12 monthsExtra costDeposit0.00Bills included?YesAmenitiesFurnishingsFurnishedParkingYesGarageNoGarden/patioYesBalcony/roof terraceNoDisabled ...,Room,now,12,https://photos2.spareroom.co.uk/images/flatshare/listings/large/97/09/97099490.jpg,"https://photos2.spareroom.co.uk/images/flatshare/listings/large/97/09/97099490.jpg, https://photos2.spareroom.co.uk/images/flatshare/listings/square/97/09/97099479.jpg, https://photos2.spareroom.co.uk/images/flatshare/listings/square/97/09/97099486.jpg, https://photos2.spareroom.co.uk/images/flatshare/listings/square/97/09/97099480.jpg, https://photos2.spareroom.co.uk/images/flatshare/listings/square/97/09/97099484.jpg, https://photos2.spareroom.co.uk/images/flatshare/listings/square/97/09/97099487.jpg, https://photos2.spareroom.co.uk/images/flatshare/listings/square/97/09/97099481.jpg, https://photos2.spareroom.co.uk/images/flatshare/listings/square/97/09/97099489.jpg, https://photos2.spareroom.co.uk/images/flatshare/listings/square/97/09/97099482.jpg, https://photos2.spareroom.co.uk/images/flatshare/listings/square/97/09/97099488.jpg, https://photos2.spareroom.co.uk/images/flatshare/listings/square/97/09/97099483.jpg, https://assets.spareroom.co.uk/images/spareroom/v4/search/list/BR_14x11.png",Free tocontact,N/A,"Parking, Garden, Balcony, Bills Included, Furnished",,,No,Now,No,Yes,Yes,No,0,,,,,No,Furnished,No,Yes,"3 Females, 2 Males",shared,45,12 months,21,6 months,5,,Not suitable for students,Yes,No,900 pcm,Yes,double,No,No,6,
https://www.spareroom.co.uk/flatshare/london/fulham/17928140?utm_source=copy_link&utm_medium=social_share&utm_campaign=advert_share,Cosy Bedroom in Lovely Fulham Home SW6,Fulham,51.475957,-0.2098024,"1,075","House shareFulhamSW6Area infoParsons Green StationTube map10-15 minutes walk awayView on map1,075 pcmdoubleAvailabilityAvailable13 Sep 2025Minimum term6 monthsMaximum term12 monthsExtra costDeposit0.00Bills included?YesAmenitiesFurnishingsFurnishedParkingYesGarageNoGarden/patioYesBalcony/roof terr...",Room,N/A,10,https://photos2.spareroom.co.uk/images/flatshare/listings/large/97/12/97127968.jpg,"https://photos2.spareroom.co.uk/images/flatshare/listings/large/97/12/97127968.jpg, https://photos2.spareroom.co.uk/images/flatshare/listings/square/97/12/97127967.jpg, https://photos2.spareroom.co.uk/images/flatshare/listings/square/97/12/97127965.jpg, https://photos2.spareroom.co.uk/images/flatshare/listings/square/97/12/97127966.jpg, https://photos2.spareroom.co.uk/images/flatshare/listings/square/97/12/97127961.jpg, https://photos2.spareroom.co.uk/images/flatshare/listings/square/97/12/97127964.jpg, https://photos2.spareroom.co.uk/images/flatshare/listings/square/97/12/97127962.jpg, https://photos2.spareroom.co.uk/images/flatshare/listings/square/97/12/97127963.jpg, https://photos2.spareroom.co.uk/images/flatshare/listings/square/42/60/42603067.jpg, https://assets.spareroom.co.uk/images/spareroom/v4/search/list/TUBE_14x11.png",Free tocontact,Built Asset Management Limited,"Parking, Garden, Balcony, Bills Included, Furnished",,21 to 32,No,13-Sep-25,No,Yes,Yes,No,0,,,,,No,Furnished,No,Yes,"1 Female, 3 Males",shared,45,12 months,21,6 months,4,,Not suitable for students,Yes,No,"1,075 pcm",Yes,double,No,No,5,
https://www.spareroom.co.uk/flatshare/london/northfields/17922665?utm_source=copy_link&utm_medium=social_share&utm_campaign=advert_share,Spacious Double Bedroom in Northfields W13,Northfields,51.5055879,-0.3192494,878,House shareNorthfieldsW13Area infoNorthfields StationTube map5-10 minutes walk awayView on map878 pcmdoubleAvailabilityAvailable14 Sep 2025Minimum term6 monthsMaximum term6 monthsExtra costDeposit0.00Bills included?YesAmenitiesFurnishingsFurnishedParkingYesGarageNoGarden/patioYesBalcony/roof terra...,Room,N/A,10,https://photos2.spareroom.co.uk/images/flatshare/listings/large/97/08/97084015.jpg,"https://photos2.spareroom.co.uk/images/flatshare/listings/large/97/08/97084015.jpg, https://photos2.spareroom.co.uk/images/flatshare/listings/square/97/08/97084016.jpg, https://photos2.spareroom.co.uk/images/flatshare/listings/square/97/08/97084017.jpg, https://photos2.spareroom.co.uk/images/flatshare/listings/square/97/08/97084010.jpg, https://photos2.spareroom.co.uk/images/flatshare/listings/square/97/08/97084012.jpg, https://photos2.spareroom.co.uk/images/flatshare/listings/square/97/08/97084013.jpg, https://photos2.spareroom.co.uk/images/flatshare/listings/square/97/08/97084011.jpg, https://photos2.spareroom.co.uk/images/flatshare/listings/square/97/08/97084014.jpg, https://photos2.spareroom.co.uk/images/flatshare/listings/square/42/60/42603067.jpg, https://assets.spareroom.co.uk/images/spareroom/v4/search/list/TUBE_14x11.png",Free tocontact,Built Asset Management Limited,"Parking, Garden, Balcony, Bills Included, Furnished",,,No,14-Sep-25,No,Yes,Yes,No,0,,,,,No,Furnished,No,Yes,"2 Females, 2 Males",No,45,6 months,21,6 months,4,,Not suitable for students,Yes,No,878 pcm,Yes,double,No,No,5,
https://www.spareroom.co.uk/flatshare/london/chiswick/17928088?utm_source=copy_link&utm_medium=social_share&utm_campaign=advert_share,Lovely Large  Bedroom in Chiswick Home W4,Chiswick,51.5004904,-0.2540538,"1,137","House shareChiswickW4Area infoView on map1,137 pcmdouble960 pcm(NOW LET)AvailabilityAvailable31 Aug 2025Minimum term6 monthsMaximum term12 monthsExtra costDeposit0.00Bills included?YesAmenitiesFurnishingsFurnishedParkingYesGarden/patioYesDisabled accessLiving roomsharedBroadband includedYesCurren...",Room,now,10,https://photos2.spareroom.co.uk/images/flatshare/listings/large/97/12/97127574.jpg,"https://photos2.spareroom.co.uk/images/flatshare/listings/large/97/12/97127574.jpg, https://photos2.spareroom.co.uk/images/flatshare/listings/square/97/12/97127586.jpg, https://photos2.spareroom.co.uk/images/flatshare/listings/square/97/12/97127582.jpg, https://photos2.spareroom.co.uk/images/flatshare/listings/square/97/12/97127587.jpg, https://photos2.spareroom.co.uk/images/flatshare/listings/square/97/12/97127588.jpg, https://photos2.spareroom.co.uk/images/flatshare/listings/square/97/12/97127590.jpg, https://photos2.spareroom.co.uk/images/flatshare/listings/square/97/12/97127573.jpg, https://photos2.spareroom.co.uk/images/flatshare/listings/square/97/12/97127589.jpg, https://photos2.spareroom.co.uk/images/flatshare/listings/square/97/12/97127591.jpg, https://photos2.spareroom.co.uk/images/flatshare/listings/square/42/60/42603067.jpg",Free tocontact,Built Asset Management Limited,"Parking, Garden, Bills Included, Furnished",,20 to 31,No,31-Aug-25,,Yes,Yes,No,0,,,,,,Furnished,,Yes,4 Males,shared,45,12 months,21,6 months,4,,Not suitable for students,Yes,No,"1,137 pcm",Yes,double,No,No,7,
https://www.spareroom.co.uk/flatshare/london/acton/17928007?utm_source=copy_link&utm_medium=social_share&utm_campaign=advert_share,Gorgeous Ground Floor Room in Acton W3 *SHORT LET*,Acton,51.509194,-0.2826145,"1,000","House shareActonW3Area infoEaling Common StationTube map5-10 minutes walk awayView on map1,000 pcmdoubleAvailabilityAvailable31 Aug 2025Minimum term3 monthsMaximum term3 monthsShort lets consideredExtra costDeposit0.00Bills included?YesAmenitiesFurnishingsFurnishedParkingYesGarageNoGarden/patioYes...",Room,N/A,13,https://photos2.spareroom.co.uk/images/flatshare/listings/large/97/12/97126929.jpg,"https://photos2.spareroom.co.uk/images/flatshare/listings/large/97/12/97126929.jpg, https://photos2.spareroom.co.uk/images/flatshare/listings/square/97/12/97126966.jpg, https://photos2.spareroom.co.uk/images/flatshare/listings/square/97/12/97126967.jpg, https://photos2.spareroom.co.uk/images/flatshare/listings/square/97/12/97126920.jpg, https://photos2.spareroom.co.uk/images/flatshare/listings/square/97/12/97126921.jpg, https://photos2.spareroom.co.uk/images/flatshare/listings/square/97/12/97126919.jpg, https://photos2.spareroom.co.uk/images/flatshare/listings/square/97/12/97126922.jpg, https://photos2.spareroom.co.uk/images/flatshare/listings/square/97/12/97126968.jpg, https://photos2.spareroom.co.uk/images/flatshare/listings/square/97/12/97126912.jpg, https://photos2.spareroom.co.uk/images/flatshare/listings/square/97/12/97126913.jpg, https://photos2.spareroom.co.uk/images/flatshare/listings/square/97/12/97126917.jpg, https://photos2.spareroom.co.uk/images/flatshare/listings/square/97/12/97126918.jpg, https://assets.spareroom.co.uk/images/spareroom/v4/search/list/TUBE_14x11.png",Free tocontact,N/A,"Parking, Garden, Bills Included, Furnished",,,No,31-Aug-25,No,Yes,Yes,No,0,,,,,No,Furnished,No,Yes,"5 Females, 1 Male",shared,45,3 months,21,3 months,6,,Not suitable for students,Yes,No,"1,000 pcm",Yes,double,No,No,7,
https://www.spareroom.co.uk/flatshare/london/clapham/17929934?utm_source=copy_link&utm_medium=social_share&utm_campaign=advert_share,Lovely Spacious First Floor Bedroom in Clapham SW4,Clapham,51.4542329,-0.1451319,"1,356","House shareClaphamSW4Area infoClapham South StationTube map0-5 minutes walk awayView on map1,356 pcmdoubleAvailabilityAvailable30 Sep 2025Minimum term6 monthsMaximum term12 monthsExtra costDeposit0.00Bills included?YesAmenitiesFurnishingsFurnishedParkingYesGarageNoGarden/patioYesBalcony/roof terra...",Room,N/A,14,https://photos2.spareroom.co.uk/images/flatshare/listings/large/97/14/97143088.jpg,"https://photos2.spareroom.co.uk/images/flatshare/listings/large/97/14/97143088.jpg, https://photos2.spareroom.co.uk/images/flatshare/listings/square/97/14/97143012.jpg, https://photos2.spareroom.co.uk/images/flatshare/listings/square/97/14/97143013.jpg, https://photos2.spareroom.co.uk/images/flatshare/listings/square/97/14/97143021.jpg, https://photos2.spareroom.co.uk/images/flatshare/listings/square/97/14/97143089.jpg, https://photos2.spareroom.co.uk/images/flatshare/listings/square/97/14/97143090.jpg, https://photos2.spareroom.co.uk/images/flatshare/listings/square/97/14/97143015.jpg, https://photos2.spareroom.co.uk/images/flatshare/listings/square/97/14/97143017.jpg, https://photos2.spareroom.co.uk/images/flatshare/listings/square/97/14/97143016.jpg, https://photos2.spareroom.co.uk/images/flatshare/listings/square/97/14/97143018.jpg, https://photos2.spareroom.co.uk/images/flatshare/listings/square/97/14/97143019.jpg, https://photos2.spareroom.co.uk/images/flatshare/listings/square/97/14/97143014.jpg, https://photos2.spareroom.co.uk/images/flatshare/listings/square/42/60/42603067.jpg, https://assets.spareroom.co.uk/images/spareroom/v4/search/list/TUBE_14x11.png",Free tocontact,Built Asset Management Limited,"Parking, Garden, Balcony, Bills Included, Furnished",,22 to 34,No,30-Sep-25,No,Yes,Yes,No,0,,,,,No,Furnished,No,Yes,"2 Females, 3 Males",shared,45,12 months,21,6 months,5,,Not suitable for students,Yes,No,"1,356 pcm",Yes,double,No,No,6,
https://www.spareroom.co.uk/flatshare/london/ealing/17929874?utm_source=copy_link&utm_medium=social_share&utm_campaign=advert_share,Gorgeous Ensuite Room in Lovely Ealing Home W5,Ealing,51.5048821,-0.2958748,"1,224","House shareEalingW5Area infoEaling Common StationTube map10-15 minutes walk awayView on map1,224 pcmdouble En suiteAvailabilityAvailable31 Aug 2025Minimum term6 monthsMaximum term6 monthsExtra costDeposit0.00Bills included?YesAmenitiesFurnishingsFurnishedParkingYesGarageNoGarden/patioYesBalcony/ro...",Room,N/A,10,https://photos2.spareroom.co.uk/images/flatshare/listings/large/97/14/97142446.jpg,"https://photos2.spareroom.co.uk/images/flatshare/listings/large/97/14/97142446.jpg, https://photos2.spareroom.co.uk/images/flatshare/listings/square/97/14/97142447.jpg, https://photos2.spareroom.co.uk/images/flatshare/listings/square/97/14/97142451.jpg, https://photos2.spareroom.co.uk/images/flatshare/listings/square/97/14/97142457.jpg, https://photos2.spareroom.co.uk/images/flatshare/listings/square/97/14/97142455.jpg, https://photos2.spareroom.co.uk/images/flatshare/listings/square/97/14/97142454.jpg, https://photos2.spareroom.co.uk/images/flatshare/listings/square/97/14/97142450.jpg, https://photos2.spareroom.co.uk/images/flatshare/listings/square/97/14/97142456.jpg, https://photos2.spareroom.co.uk/images/flatshare/listings/square/97/14/97142458.jpg, https://assets.spareroom.co.uk/images/spareroom/v4/search/list/TUBE_14x11.png",Free tocontact,N/A,"Parking, Garden, Balcony, Ensuite, Bills Included, Furnished",,,No,31-Aug-25,No,Yes,Yes,No,0,,,,,No,Furnished,No,Yes,"4 Females, 2 Males",shared,45,6 months,21,6 months,6,,Not suitable for students,Yes,No,"1,224 pcm",Yes,double En suite,No,No,7,
