id,url,title,location,latitude,longitude,price,description,property_type,available_date,photo_count,first_photo_url,all_photos,contact_info,management_company,amenities,age,ages,any_pets,available,balcony_roof_terrace,bills_included,broadband_included,couples_allowed,deposit,deposit_room_1,deposit_room_2,deposit_room_3,deposit_room_4,disabled_access,furnishings,garage,garden_patio,gender,living_room,max_age,maximum_term,min_age,minimum_term,number,created_at,updated_at,status
1,https://www.spareroom.co.uk/flatshare/london/hornsey/17913185?utm_source=copy_link&utm_medium=social_share&utm_campaign=advert_share,2 Rooms In The Same Flat With Garden,Hornsey,51.5897067,-0.1196971,980,"ğŸ  2 Rooms In The Same Flat With Garden

âœ¨ Private garden access, Fully furnished, Bills included, Spacious double bedroom, Garden/patio access

ğŸ‘¥ Mixed gender household

ğŸ“… Available for immediate move-in

ğŸ’° Â£980 per month

ğŸ’¡ All bills included - no hidden costs

ğŸª‘ Fully furnished and ready to move in

ğŸŒ¿ Garden access for outdoor relaxation

ğŸ¯ Perfect for professionals, students, or anyone looking for a comfortable home in a great location.

ğŸ“ Contact us today to arrange a viewing!",Room,now,17,https://photos2.spareroom.co.uk/images/flatshare/listings/large/97/00/97006884.jpg,"https://photos2.spareroom.co.uk/images/flatshare/listings/large/97/00/97006884.jpg, https://photos2.spareroom.co.uk/images/flatshare/listings/square/97/00/97006902.jpg, https://photos2.spareroom.co.uk/images/flatshare/listings/square/97/00/97006915.jpg, https://photos2.spareroom.co.uk/images/flatshare/listings/square/97/00/97006918.jpg, https://photos2.spareroom.co.uk/images/flatshare/listings/square/97/00/97006923.jpg, https://photos2.spareroom.co.uk/images/flatshare/listings/square/97/00/97006925.jpg, https://photos2.spareroom.co.uk/images/flatshare/listings/square/97/00/97006926.jpg, https://photos2.spareroom.co.uk/images/flatshare/listings/square/97/00/97006928.jpg, https://photos2.spareroom.co.uk/images/flatshare/listings/square/97/00/97006936.jpg, https://photos2.spareroom.co.uk/images/flatshare/listings/square/97/00/97006945.jpg, https://photos2.spareroom.co.uk/images/flatshare/listings/square/97/00/97006950.jpg, https://photos2.spareroom.co.uk/images/flatshare/listings/square/97/00/97006952.jpg, https://photos2.spareroom.co.uk/images/flatshare/listings/square/97/00/97006959.jpg, https://photos2.spareroom.co.uk/images/flatshare/listings/square/97/00/97006961.jpg, https://photos2.spareroom.co.uk/images/flatshare/listings/square/97/00/97006966.jpg, https://photos2.spareroom.co.uk/images/flatshare/listings/square/97/00/97006968.jpg, https://photos2.spareroom.co.uk/images/flatshare/listings/square/40/34/40347841.jpg",Free tocontact,iFlatShare,"Garden, Bills Included, Furnished",,28 to 38,No,Now,,Yes,Yes,Yes,,980,840,,,,Furnished,,Yes,"1 Female, 2 Males",No,60,None,18,6 months,,2025-08-17 14:34:25,2025-08-17 14:34:25,available
2,https://www.spareroom.co.uk/flatshare/london/hackney/17913121?utm_source=copy_link&utm_medium=social_share&utm_campaign=advert_share,1 Rooms With Garden & Gym,Hackney,51.554628,-0.041255,1040,"ğŸ  2 Rooms In The Same House With Garden & Gym

âœ¨ Private garden access, Fully furnished, Bills included, Spacious double bedroom, Shared living room, Garden/patio access

ğŸ‘¥ Small, friendly household, Male-only household

ğŸ“… Available for immediate move-in

ğŸ’° Â£1,040 per month

ğŸ’¡ All bills included - no hidden costs

ğŸª‘ Fully furnished and ready to move in

ğŸŒ¿ Garden access for outdoor relaxation

ğŸ¯ Perfect for professionals, students, or anyone looking for a comfortable home in a great location.

ğŸ“ Contact us today to arrange a viewing!",Room,now,17,https://photos2.spareroom.co.uk/images/flatshare/listings/large/97/00/97006364.jpg,"https://photos2.spareroom.co.uk/images/flatshare/listings/large/97/00/97006364.jpg, https://photos2.spareroom.co.uk/images/flatshare/listings/square/97/00/97006366.jpg, https://photos2.spareroom.co.uk/images/flatshare/listings/square/97/00/97006368.jpg, https://photos2.spareroom.co.uk/images/flatshare/listings/square/97/00/97006369.jpg, https://photos2.spareroom.co.uk/images/flatshare/listings/square/97/00/97006371.jpg, https://photos2.spareroom.co.uk/images/flatshare/listings/square/97/00/97006387.jpg, https://photos2.spareroom.co.uk/images/flatshare/listings/square/97/00/97006391.jpg, https://photos2.spareroom.co.uk/images/flatshare/listings/square/97/00/97006392.jpg, https://photos2.spareroom.co.uk/images/flatshare/listings/square/97/00/97006393.jpg, https://photos2.spareroom.co.uk/images/flatshare/listings/square/97/00/97006397.jpg, https://photos2.spareroom.co.uk/images/flatshare/listings/square/97/00/97006423.jpg, https://photos2.spareroom.co.uk/images/flatshare/listings/square/97/00/97006424.jpg, https://photos2.spareroom.co.uk/images/flatshare/listings/square/97/00/97006426.jpg, https://photos2.spareroom.co.uk/images/flatshare/listings/square/97/00/97006436.jpg, https://photos2.spareroom.co.uk/images/flatshare/listings/square/97/00/97006439.jpg, https://photos2.spareroom.co.uk/images/flatshare/listings/square/97/00/97006502.jpg, https://photos2.spareroom.co.uk/images/flatshare/listings/square/40/34/40347841.jpg",Free tocontact,iFlatShare,"Garden, Bills Included, Furnished",,,Yes,Now,,Yes,Yes,No,"1,040.00",,,,,,Furnished,,Yes,2 Males,shared,50,None,18,3 months,2,2025-08-17 14:34:25,2025-08-17 15:08:00,available
3,https://www.spareroom.co.uk/flatshare/london/hackney/17885560?utm_source=copy_link&utm_medium=social_share&utm_campaign=advert_share,Cosy Room In A Great Location,Hackney,51.5400973,-0.0553772,790,"ğŸ  Cosy Room In A Great Location

âœ¨ Balcony with views, Fully furnished, Bills included, Spacious double bedroom, Balcony or roof terrace

ğŸ‘¥ Male-only household

ğŸ“… Available for immediate move-in

ğŸ’° Â£790 per month

ğŸ’¡ All bills included - no hidden costs

ğŸª‘ Fully furnished and ready to move in

ğŸ¯ Perfect for professionals, students, or anyone looking for a comfortable home in a great location.

ğŸ“ Contact us today to arrange a viewing!",Room,now,7,https://photos2.spareroom.co.uk/images/flatshare/listings/large/96/77/96778820.jpg,"https://photos2.spareroom.co.uk/images/flatshare/listings/large/96/77/96778820.jpg, https://photos2.spareroom.co.uk/images/flatshare/listings/square/96/77/96778826.jpg, https://photos2.spareroom.co.uk/images/flatshare/listings/square/96/77/96778831.jpg, https://photos2.spareroom.co.uk/images/flatshare/listings/square/96/77/96778858.jpg, https://photos2.spareroom.co.uk/images/flatshare/listings/square/96/77/96778860.jpg, https://photos2.spareroom.co.uk/images/flatshare/listings/square/96/77/96778862.jpg, https://photos2.spareroom.co.uk/images/flatshare/listings/square/40/34/40347841.jpg",Free tocontact,iFlatShare,"Balcony, Bills Included, Furnished",,30 to 35,No,Now,Yes,Yes,Yes,No,790,,,,,,Furnished,,,2 Males,No,60,None,18,3 months,,2025-08-17 14:34:25,2025-08-17 14:34:25,available
4,https://www.spareroom.co.uk/flatshare/london/hackney/17913068?utm_source=copy_link&utm_medium=social_share&utm_campaign=advert_share,"2 Rooms Available In The Same Flat, Next To River!",Hackney,51.5530376,-0.0332311,885,"ğŸ  2 Rooms Available In The Same Flat, Next To River!

âœ¨ Balcony with views, Fully furnished, Bills included, Spacious double bedroom, Balcony or roof terrace

ğŸ‘¥ Mixed gender household

ğŸ“… Available for immediate move-in

ğŸ’° Â£885 per month

ğŸ’¡ All bills included - no hidden costs

ğŸª‘ Fully furnished and ready to move in

ğŸ¯ Perfect for professionals, students, or anyone looking for a comfortable home in a great location.

ğŸ“ Contact us today to arrange a viewing!",Room,now,12,https://photos2.spareroom.co.uk/images/flatshare/listings/large/97/00/97005918.jpg,"https://photos2.spareroom.co.uk/images/flatshare/listings/large/97/00/97005918.jpg, https://photos2.spareroom.co.uk/images/flatshare/listings/square/97/00/97005949.jpg, https://photos2.spareroom.co.uk/images/flatshare/listings/square/97/00/97005937.jpg, https://photos2.spareroom.co.uk/images/flatshare/listings/square/97/00/97005930.jpg, https://photos2.spareroom.co.uk/images/flatshare/listings/square/97/00/97005964.jpg, https://photos2.spareroom.co.uk/images/flatshare/listings/square/97/00/97005967.jpg, https://photos2.spareroom.co.uk/images/flatshare/listings/square/97/00/97005972.jpg, https://photos2.spareroom.co.uk/images/flatshare/listings/square/97/00/97005969.jpg, https://photos2.spareroom.co.uk/images/flatshare/listings/square/97/00/97005974.jpg, https://photos2.spareroom.co.uk/images/flatshare/listings/square/97/00/97005982.jpg, https://photos2.spareroom.co.uk/images/flatshare/listings/square/97/00/97005992.jpg, https://photos2.spareroom.co.uk/images/flatshare/listings/square/40/34/40347841.jpg",Free tocontact,iFlatShare,"Balcony, Bills Included, Furnished",,25 to 35,No,Now,Yes,Yes,Yes,Yes,885,,,,,,Furnished,,,"1 Female, 2 Males",No,60,None,18,6 months,,2025-08-17 14:34:25,2025-08-17 14:34:25,available
5,https://www.spareroom.co.uk/flatshare/london/turnham_green/17921524,ğŸŒ¿ Bright Double Room in Chiswick,Turnham Green,51.4981576,-0.261678,950,"ğŸ  ğŸŒ¿ Bright Double Room in Chiswick

âœ¨ Private garden access, Balcony with views, Parking available, Fully furnished, Bills included, Spacious double bedroom, Shared living room, Garden/patio access

ğŸ‘¥ Medium-sized household, Mixed gender household

ğŸ’° Â£950 per month

ğŸ’¡ All bills included - no hidden costs

ğŸª‘ Fully furnished and ready to move in

ğŸŒ¿ Garden access for outdoor relaxation

ğŸš— Parking available for convenience

ğŸ¯ Perfect for professionals, students, or anyone looking for a comfortable home in a great location.

ğŸ“ Contact us today to arrange a viewing!",Room,N/A,10,https://photos2.spareroom.co.uk/images/flatshare/listings/large/97/07/97075218.jpg,"https://photos2.spareroom.co.uk/images/flatshare/listings/large/97/07/97075218.jpg, https://photos2.spareroom.co.uk/images/flatshare/listings/square/97/07/97075222.jpg, https://photos2.spareroom.co.uk/images/flatshare/listings/square/97/07/97075219.jpg, https://photos2.spareroom.co.uk/images/flatshare/listings/square/97/07/97075220.jpg, https://photos2.spareroom.co.uk/images/flatshare/listings/square/97/07/97075221.jpg, https://photos2.spareroom.co.uk/images/flatshare/listings/square/97/07/97075223.jpg, https://photos2.spareroom.co.uk/images/flatshare/listings/square/97/07/97075224.jpg, https://photos2.spareroom.co.uk/images/flatshare/listings/square/97/07/97075225.jpg, https://photos2.spareroom.co.uk/images/flatshare/listings/square/94/37/94373487.jpg, https://assets.spareroom.co.uk/images/spareroom/v4/search/list/TUBE_14x11.png",Free tocontact,AK&PROPERTIES,"Parking, Garden, Balcony, Bills Included, Furnished",,23 to 34,No,18-Aug-25,No,Yes,Yes,No,950,,,,,No,Furnished,No,Yes,"1 Female, 4 Males",shared,,None,,11 months,5,2025-08-17 14:34:25,2025-08-17 14:34:25,available
6,https://www.spareroom.co.uk/flatshare/london/tooting_broadway/17778365,Stunning Double Room in Tooting Broadway,Tooting Broadway,51.4291828,-0.1636683,850,"ğŸ  Stunning Double Room in Tooting Broadway

âœ¨ Private garden access, Balcony with views, Parking available, Fully furnished, Bills included, Spacious double bedroom, Garden/patio access

ğŸ‘¥ Small, friendly household, Mixed gender household

ğŸ“… Available for immediate move-in

ğŸ’° Â£850 per month

ğŸ’¡ All bills included - no hidden costs

ğŸª‘ Fully furnished and ready to move in

ğŸŒ¿ Garden access for outdoor relaxation

ğŸš— Parking available for convenience

ğŸ¯ Perfect for professionals, students, or anyone looking for a comfortable home in a great location.

ğŸ“ Contact us today to arrange a viewing!",Room,now,8,https://photos2.spareroom.co.uk/images/flatshare/listings/square/97/04/97044112.jpg,"https://photos2.spareroom.co.uk/images/flatshare/listings/square/97/04/97044112.jpg, https://photos2.spareroom.co.uk/images/flatshare/listings/square/97/04/97044111.jpg, https://photos2.spareroom.co.uk/images/flatshare/listings/square/95/87/95873961.jpg, https://photos2.spareroom.co.uk/images/flatshare/listings/square/95/87/95873962.jpg, https://photos2.spareroom.co.uk/images/flatshare/listings/square/95/87/95873884.jpg, https://photos2.spareroom.co.uk/images/flatshare/listings/square/95/87/95873919.jpg, https://photos2.spareroom.co.uk/images/flatshare/listings/square/97/04/97044110.jpg, https://photos2.spareroom.co.uk/images/flatshare/listings/square/94/37/94373487.jpg",Free tocontact,AK&PROPERTIES,"Parking, Garden, Balcony, Bills Included, Furnished",,22 to 29,No,Now,No,Yes,Yes,No,850,,,,,No,Furnished,No,Yes,"1 Female, 1 Male",No,,None,,4 months,2,2025-08-17 14:34:25,2025-08-17 14:34:25,available
7,https://www.spareroom.co.uk/flatshare/london/tooting_broadway/17922764,ğŸ¡ Bright Double Room next to St George's Hospital,Tooting Broadway,51.4331633,-0.1801834,880,"ğŸ  ğŸ¡ Bright Double Room next to St George's Hospital

âœ¨ Parking available, Fully furnished, Bills included, Spacious double bedroom, Shared living room, Garden/patio access

ğŸ‘¥ Medium-sized household, Male-only household

ğŸ“… Available for immediate move-in

ğŸ’° Â£880 per month

ğŸ’¡ All bills included - no hidden costs

ğŸª‘ Fully furnished and ready to move in

ğŸš— Parking available for convenience

ğŸ¯ Perfect for professionals, students, or anyone looking for a comfortable home in a great location.

ğŸ“ Contact us today to arrange a viewing!",Room,now,8,https://photos2.spareroom.co.uk/images/flatshare/listings/large/97/08/97084889.jpg,"https://photos2.spareroom.co.uk/images/flatshare/listings/large/97/08/97084889.jpg, https://photos2.spareroom.co.uk/images/flatshare/listings/square/97/08/97084888.jpg, https://photos2.spareroom.co.uk/images/flatshare/listings/square/97/08/97084885.jpg, https://photos2.spareroom.co.uk/images/flatshare/listings/square/97/08/97084887.jpg, https://photos2.spareroom.co.uk/images/flatshare/listings/square/97/08/97084884.jpg, https://photos2.spareroom.co.uk/images/flatshare/listings/square/97/08/97084886.jpg, https://photos2.spareroom.co.uk/images/flatshare/listings/square/94/37/94373487.jpg, https://assets.spareroom.co.uk/images/spareroom/v4/search/list/TUBE_14x11.png",Free tocontact,AK&PROPERTIES,"Parking, Bills Included, Furnished",,22 to 29,No,Now,No,Yes,Yes,No,,880,950,,,No,Furnished,No,Yes,4 Males,shared,,None,,None,4,2025-08-17 14:34:25,2025-08-17 14:34:25,available
8,https://www.spareroom.co.uk/flatshare/london/honor_oak_park/17373699?utm_source=copy_link&utm_medium=social_share&utm_campaign=advert_share,ğŸ”¥Cosy Double room Available from September ğŸ”¥,Honor Oak Park,51.4495241,-0.0435997,930,"ğŸ  ğŸ”¥Cosy Double room Available from September ğŸ”¥

âœ¨ Private garden access, Balcony with views, Parking available, Fully furnished, Bills included, Spacious double bedroom

ğŸ‘¥ Male-only household

ğŸ’° Â£930 per month

ğŸ’¡ All bills included - no hidden costs

ğŸª‘ Fully furnished and ready to move in

ğŸŒ¿ Garden access for outdoor relaxation

ğŸš— Parking available for convenience

ğŸ¯ Perfect for professionals, students, or anyone looking for a comfortable home in a great location.

ğŸ“ Contact us today to arrange a viewing!",Room,N/A,9,https://photos2.spareroom.co.uk/images/flatshare/listings/large/92/55/92559238.jpg,"https://photos2.spareroom.co.uk/images/flatshare/listings/large/92/55/92559238.jpg, https://photos2.spareroom.co.uk/images/flatshare/listings/square/92/55/92559239.jpg, https://photos2.spareroom.co.uk/images/flatshare/listings/square/92/55/92559241.jpg, https://photos2.spareroom.co.uk/images/flatshare/listings/square/92/55/92559242.jpg, https://photos2.spareroom.co.uk/images/flatshare/listings/square/92/55/92559265.jpg, https://photos2.spareroom.co.uk/images/flatshare/listings/square/92/55/92559266.jpg, https://photos2.spareroom.co.uk/images/flatshare/listings/square/95/09/95099242.jpg, https://assets.spareroom.co.uk/images/spareroom/v4/search/list/LDNOG_14x11.png, https://assets.spareroom.co.uk/images/spareroom/v4/search/list/BR_14x11.png",Free tocontact,Banksia Limited,"Parking, Garden, Balcony, Bills Included, Furnished",,,No,1-Sep-25,No,Yes,Yes,No,930,,,,,No,Furnished,No,No,3 Males,No,39,None,18,7 months,,2025-08-17 14:34:25,2025-08-17 14:34:25,available
9,https://www.spareroom.co.uk/flatshare/london/all_saints/17876256?utm_source=copy_link&utm_medium=social_share&utm_campaign=advert_share,ğŸ”¥ Stylish Room near All Saints in SeptemberğŸ”¥,All Saints,51.5119828,-0.0180807,850,"ğŸ  ğŸ”¥ Stylish Room near All Saints in SeptemberğŸ”¥

âœ¨ Private garden access, Balcony with views, Parking available, Fully furnished, Bills included, Spacious double bedroom

ğŸ‘¥ Male-only household

ğŸ“… Available for immediate move-in

ğŸ’° Â£850 per month

ğŸ’¡ All bills included - no hidden costs

ğŸª‘ Fully furnished and ready to move in

ğŸŒ¿ Garden access for outdoor relaxation

ğŸš— Parking available for convenience

ğŸ¯ Perfect for professionals, students, or anyone looking for a comfortable home in a great location.

ğŸ“ Contact us today to arrange a viewing!",Room,now,6,https://photos2.spareroom.co.uk/images/flatshare/listings/large/96/98/96983470.jpg,"https://photos2.spareroom.co.uk/images/flatshare/listings/large/96/98/96983470.jpg, https://photos2.spareroom.co.uk/images/flatshare/listings/square/96/98/96983472.jpg, https://photos2.spareroom.co.uk/images/flatshare/listings/square/96/98/96983471.jpg, https://photos2.spareroom.co.uk/images/flatshare/listings/square/96/98/96983476.jpg, https://photos2.spareroom.co.uk/images/flatshare/listings/square/96/98/96983473.jpg, https://photos2.spareroom.co.uk/images/flatshare/listings/square/95/09/95099242.jpg",Free tocontact,Banksia Limited,"Parking, Garden, Balcony, Bills Included, Furnished",,,No,Now,No,Yes,Yes,No,850,,,,,No,Furnished,No,No,Male,No,39,None,18,7 months,,2025-08-17 14:34:25,2025-08-17 14:34:25,available
10,https://www.spareroom.co.uk/flatshare/london/poplar/16767855?utm_source=copy_link&utm_medium=social_share&utm_campaign=advert_share,ğŸ¡ Cosy Ensuite Room in Poplar from September ğŸŒŸ,Poplar,51.517448,-0.013796,1100,"ğŸ  ğŸ¡ Cosy Ensuite Room in Poplar from September ğŸŒŸ

âœ¨ Private garden access, Balcony with views, Parking available, En-suite bathroom, Fully furnished, Bills included, Spacious double bedroom, Shared living room

ğŸ‘¥ Mixed gender household

ğŸ’° Â£1,100 per month

ğŸ’¡ All bills included - no hidden costs

ğŸª‘ Fully furnished and ready to move in

ğŸŒ¿ Garden access for outdoor relaxation

ğŸš— Parking available for convenience

ğŸ¯ Perfect for professionals, students, or anyone looking for a comfortable home in a great location.

ğŸ“ Contact us today to arrange a viewing!",Room,N/A,6,https://photos2.spareroom.co.uk/images/flatshare/listings/square/88/20/88205584.jpg,"https://photos2.spareroom.co.uk/images/flatshare/listings/square/88/20/88205584.jpg, https://photos2.spareroom.co.uk/images/flatshare/listings/square/88/20/88205585.jpg, https://photos2.spareroom.co.uk/images/flatshare/listings/square/88/20/88205586.jpg, https://photos2.spareroom.co.uk/images/flatshare/listings/square/88/20/88205587.jpg, https://photos2.spareroom.co.uk/images/flatshare/listings/square/95/09/95099242.jpg, https://assets.spareroom.co.uk/images/spareroom/v4/search/list/DLR_14x11.png",Free tocontact,Banksia Limited,"Parking, Garden, Balcony, Ensuite, Bills Included, Furnished",,19 to 27,No,1-Sep-25,No,Yes,Yes,Yes,"1,100.00",,,,,No,Furnished,No,No,"2 Females, 1 Male",shared,39,None,18,7 months,,2025-08-17 14:34:25,2025-08-17 15:11:08,available
11,https://www.spareroom.co.uk/flatshare/london/poplar/17781230?utm_source=copy_link&utm_medium=social_share&utm_campaign=advert_share,ğŸ¡ Stylish Ensuite Room in Poplar From SeptemberğŸ”¥,Poplar,51.517503,-0.01379,1100,"ğŸ  ğŸ¡ Stylish Ensuite Room in Poplar From SeptemberğŸ”¥

âœ¨ Private garden access, Balcony with views, Parking available, En-suite bathroom, Fully furnished, Bills included, Spacious double bedroom

ğŸ‘¥ Mixed gender household

ğŸ’° Â£1,100 per month

ğŸ’¡ All bills included - no hidden costs

ğŸª‘ Fully furnished and ready to move in

ğŸŒ¿ Garden access for outdoor relaxation

ğŸš— Parking available for convenience

ğŸ¯ Perfect for professionals, students, or anyone looking for a comfortable home in a great location.

ğŸ“ Contact us today to arrange a viewing!",Room,1st September 2025,9,https://photos2.spareroom.co.uk/images/flatshare/listings/large/95/89/95898367.jpg,"https://photos2.spareroom.co.uk/images/flatshare/listings/large/95/89/95898367.jpg, https://photos2.spareroom.co.uk/images/flatshare/listings/square/95/89/95898364.jpg, https://photos2.spareroom.co.uk/images/flatshare/listings/square/95/89/95898365.jpg, https://photos2.spareroom.co.uk/images/flatshare/listings/square/95/89/95898363.jpg, https://photos2.spareroom.co.uk/images/flatshare/listings/square/95/89/95898366.jpg, https://photos2.spareroom.co.uk/images/flatshare/listings/square/95/89/95898362.jpg, https://photos2.spareroom.co.uk/images/flatshare/listings/square/95/89/95898382.jpg, https://photos2.spareroom.co.uk/images/flatshare/listings/square/95/09/95099242.jpg, https://assets.spareroom.co.uk/images/spareroom/v4/search/list/DLR_14x11.png",Free tocontact,Banksia Limited,"Parking, Garden, Balcony, Ensuite, Bills Included, Furnished",,24 to 30,No,1-Sep-25,No,Yes,Yes,Yes,"1,100.00",,,,,No,Furnished,No,No,"1 Female, 1 Male",No,39,None,18,7 months,,2025-08-17 14:34:25,2025-08-17 15:12:32,available
12,https://www.spareroom.co.uk/flatshare/london/stepney_green/17919701?utm_source=copy_link&utm_medium=social_share&utm_campaign=advert_share,ğŸ’¥ Stunning Room In Stepney Green September ğŸ’¥,Stepney Green,51.519331,-0.045538,1100,"ğŸ  ğŸ’¥ Stunning 2 Rooms In Stepney Green September ğŸ’¥

âœ¨ Private garden access, Parking available, Fully furnished, Bills included, Spacious double bedroom, Garden/patio access

ğŸ‘¥ Small, friendly household, Male-only household

ğŸ“… Available for immediate move-in

ğŸ’° Â£1,100 per month

ğŸ’¡ All bills included - no hidden costs

ğŸª‘ Fully furnished and ready to move in

ğŸŒ¿ Garden access for outdoor relaxation

ğŸš— Parking available for convenience

ğŸ¯ Perfect for professionals, students, or anyone looking for a comfortable home in a great location.

ğŸ“ Contact us today to arrange a viewing!",Room,10th September 2025,12,https://photos2.spareroom.co.uk/images/flatshare/listings/large/97/06/97060490.jpg,"https://photos2.spareroom.co.uk/images/flatshare/listings/large/97/06/97060490.jpg, https://photos2.spareroom.co.uk/images/flatshare/listings/square/97/06/97060491.jpg, https://photos2.spareroom.co.uk/images/flatshare/listings/square/97/06/97060492.jpg, https://photos2.spareroom.co.uk/images/flatshare/listings/square/97/06/97060493.jpg, https://photos2.spareroom.co.uk/images/flatshare/listings/square/97/06/97060495.jpg, https://photos2.spareroom.co.uk/images/flatshare/listings/square/97/06/97060494.jpg, https://photos2.spareroom.co.uk/images/flatshare/listings/square/97/06/97060486.jpg, https://photos2.spareroom.co.uk/images/flatshare/listings/square/97/06/97060484.jpg, https://photos2.spareroom.co.uk/images/flatshare/listings/square/97/06/97060487.jpg, https://photos2.spareroom.co.uk/images/flatshare/listings/square/97/06/97060485.jpg, https://photos2.spareroom.co.uk/images/flatshare/listings/square/97/06/97060489.jpg, https://photos2.spareroom.co.uk/images/flatshare/listings/square/95/09/95099242.jpg",Free tocontact,Banksia Limited,"Parking, Garden, Bills Included, Furnished",,,No,1-Sep-25,No,Yes,Yes,No,,"1,100.00","1,050.00",,,No,Furnished,No,Yes,Male,No,39,None,18,7 months,1,2025-08-17 14:34:25,2025-08-17 15:13:45,available
14,https://www.spareroom.co.uk/flatshare/london/oval/17910323?utm_source=copy_link&utm_medium=social_share&utm_campaign=advert_share,ğŸ”¥ Fully Furnished Room in Oval MOVE IN NOW!,Oval,51.4815297,-0.1166178,920,"ğŸ  ğŸ”¥ Fully Furnished Room in Oval MOVE IN NOW!

âœ¨ Fully furnished, Bills included, Spacious double bedroom

ğŸ‘¥ Medium-sized household, Mixed gender household

ğŸ“… Available for immediate move-in

ğŸ’° Â£920 per month

ğŸ’¡ All bills included - no hidden costs

ğŸª‘ Fully furnished and ready to move in

ğŸ¯ Perfect for professionals, students, or anyone looking for a comfortable home in a great location.

ğŸ“ Contact us today to arrange a viewing!",Room,now,7,https://photos2.spareroom.co.uk/images/flatshare/listings/square/97/13/97133906.jpg,"https://photos2.spareroom.co.uk/images/flatshare/listings/square/97/13/97133906.jpg, https://photos2.spareroom.co.uk/images/flatshare/listings/square/97/13/97133905.jpg, https://photos2.spareroom.co.uk/images/flatshare/listings/square/97/13/97133907.jpg, https://photos2.spareroom.co.uk/images/flatshare/listings/square/96/98/96984166.jpg, https://photos2.spareroom.co.uk/images/flatshare/listings/square/96/98/96984165.jpg, https://photos2.spareroom.co.uk/images/flatshare/listings/square/96/98/96984170.jpg, https://photos2.spareroom.co.uk/images/flatshare/listings/square/96/98/96984164.jpg",Free tocontact,N/A,"Bills Included, Furnished",,23 to 35,No,Now,,Yes,Yes,No,800,,,,,,Furnished,,,"2 Females, 3 Males",No,39,None,18,7 months,5,2025-08-17 14:34:25,2025-08-17 14:34:25,available
15,https://www.spareroom.co.uk/flatshare/london/west_ham/16719489?utm_source=copy_link&utm_medium=social_share&utm_campaign=advert_share,ğŸ”¥ Modern 2 Double Rooms in West Ham ğŸ”¥,West Ham,51.53364241,0.0090419,950,"ğŸ  ğŸ”¥ Modern 2 Double Rooms in West Ham ğŸ”¥

âœ¨ Private garden access, Parking available, Fully furnished, Bills included, Spacious double bedroom, Shared living room

ğŸ‘¥ Male-only household

ğŸ“… Available for immediate move-in

ğŸ’° Â£950 per month

ğŸ’¡ All bills included - no hidden costs

ğŸª‘ Fully furnished and ready to move in

ğŸŒ¿ Garden access for outdoor relaxation

ğŸš— Parking available for convenience

ğŸ¯ Perfect for professionals, students, or anyone looking for a comfortable home in a great location.

ğŸ“ Contact us today to arrange a viewing!",Room,now,12,https://photos2.spareroom.co.uk/images/flatshare/listings/square/97/15/97159827.jpg,"https://photos2.spareroom.co.uk/images/flatshare/listings/square/97/15/97159827.jpg, https://photos2.spareroom.co.uk/images/flatshare/listings/square/97/15/97159716.jpg, https://photos2.spareroom.co.uk/images/flatshare/listings/square/97/15/97159715.jpg, https://photos2.spareroom.co.uk/images/flatshare/listings/square/97/15/97159717.jpg, https://photos2.spareroom.co.uk/images/flatshare/listings/square/97/15/97159710.jpg, https://photos2.spareroom.co.uk/images/flatshare/listings/square/97/15/97159711.jpg, https://photos2.spareroom.co.uk/images/flatshare/listings/square/97/15/97159712.jpg, https://photos2.spareroom.co.uk/images/flatshare/listings/square/97/15/97159714.jpg, https://photos2.spareroom.co.uk/images/flatshare/listings/square/95/09/95099242.jpg, https://assets.spareroom.co.uk/images/spareroom/v4/search/list/TUBE_14x11.png, https://assets.spareroom.co.uk/images/spareroom/v4/search/list/DLR_14x11.png, https://assets.spareroom.co.uk/images/spareroom/v4/search/list/BR_14x11.png",Free tocontact,Banksia Limited,"Parking, Garden, Bills Included, Furnished",,27 to 29,No,Now,No,Yes,Yes,Yes,,950,900,,,No,Furnished,No,No,3 Males,shared,39,None,18,7 months,,2025-08-17 14:34:25,2025-08-17 14:34:25,available
21,https://www.spareroom.co.uk/flatshare/london/acton/17928145?utm_source=copy_link&utm_medium=social_share&utm_campaign=advert_share,Lovely Spacious Double Bedroom in Acton W3,Acton,51.504725,-0.254007,1020,"ğŸ  Lovely Spacious Double Bedroom in Acton W3

âœ¨ Private garden access, Balcony with views, Parking available, Fully furnished, Bills included, Spacious double bedroom, Shared living room

ğŸ‘¥ Male-only household

ğŸ“… Available for immediate move-in

ğŸ’° Â£1,020 per month

ğŸ’¡ All bills included - no hidden costs

ğŸª‘ Fully furnished and ready to move in

ğŸŒ¿ Garden access for outdoor relaxation

ğŸš— Parking available for convenience

ğŸ¯ Perfect for professionals, students, or anyone looking for a comfortable home in a great location.

ğŸ“ Contact us today to arrange a viewing!",Room,now,7,https://photos2.spareroom.co.uk/images/flatshare/listings/large/97/12/97128023.jpg,"https://photos2.spareroom.co.uk/images/flatshare/listings/large/97/12/97128023.jpg, https://photos2.spareroom.co.uk/images/flatshare/listings/square/97/12/97128027.jpg, https://photos2.spareroom.co.uk/images/flatshare/listings/square/97/12/97128020.jpg, https://photos2.spareroom.co.uk/images/flatshare/listings/square/97/12/97128021.jpg, https://photos2.spareroom.co.uk/images/flatshare/listings/square/97/12/97128022.jpg, https://assets.spareroom.co.uk/images/spareroom/v4/search/list/LDNOG_14x11.png, https://assets.spareroom.co.uk/images/spareroom/v4/search/list/BR_14x11.png",Free tocontact,Built Asset Management Limited,"Parking, Garden, Balcony, Bills Included, Furnished",,,No,Now,No,Yes,Yes,No,0,,,,,No,Furnished,No,No,3 Males,shared,45,6 months,21,6 months,,2025-08-17 14:34:25,2025-08-17 15:14:55,available
22,https://www.spareroom.co.uk/flatshare/london/earlsfield/17929715?utm_source=copy_link&utm_medium=social_share&utm_campaign=advert_share,Stunning Professional House in Earlsfield,Earlsfield,51.4489372,-0.1837013,975,"ğŸ  Stunning Professional House in Earlsfield

âœ¨ Private garden access, Balcony with views, Parking available, Fully furnished, Bills included, Character house share, Shared living room, Garden/patio access

ğŸ‘¥ Medium-sized household, Male-only household

ğŸ’° Â£975 per month

ğŸ’¡ All bills included - no hidden costs

ğŸª‘ Fully furnished and ready to move in

ğŸŒ¿ Garden access for outdoor relaxation

ğŸš— Parking available for convenience

ğŸ¯ Perfect for professionals, students, or anyone looking for a comfortable home in a great location.

ğŸ“ Contact us today to arrange a viewing!",House,N/A,8,https://photos2.spareroom.co.uk/images/flatshare/listings/large/97/14/97140970.jpg,"https://photos2.spareroom.co.uk/images/flatshare/listings/large/97/14/97140970.jpg, https://photos2.spareroom.co.uk/images/flatshare/listings/square/97/14/97140976.jpg, https://photos2.spareroom.co.uk/images/flatshare/listings/square/97/14/97140975.jpg, https://photos2.spareroom.co.uk/images/flatshare/listings/square/97/14/97140974.jpg, https://photos2.spareroom.co.uk/images/flatshare/listings/square/97/14/97140971.jpg, https://photos2.spareroom.co.uk/images/flatshare/listings/square/97/14/97140972.jpg, https://photos2.spareroom.co.uk/images/flatshare/listings/square/97/14/97140973.jpg, https://assets.spareroom.co.uk/images/spareroom/v4/search/list/BR_14x11.png",Free tocontact,Built Asset Management Limited,"Parking, Garden, Balcony, Bills Included, Furnished",,,No,19-Sep-25,No,Yes,Yes,No,0,,,,,No,Furnished,No,Yes,4 Males,shared,45,None,21,6 months,4,2025-08-17 14:34:25,2025-08-17 14:34:25,available
23,https://www.spareroom.co.uk/flatshare/london/ealing/17911933?utm_source=copy_link&utm_medium=social_share&utm_campaign=advert_share,Less Than One Min To The Elizabeth Line!,Ealing,51.5143727,-0.3198194,931,"ğŸ  Less Than One Min To The Elizabeth Line!

âœ¨ Private garden access, Balcony with views, Parking available, Fully furnished, Bills included, Modern flat share

ğŸ‘¥ Male-only household

ğŸ“… Available for immediate move-in

ğŸ’° Â£931 per month

ğŸ’¡ All bills included - no hidden costs

ğŸª‘ Fully furnished and ready to move in

ğŸŒ¿ Garden access for outdoor relaxation

ğŸš— Parking available for convenience

ğŸ¯ Perfect for professionals, students, or anyone looking for a comfortable home in a great location.

ğŸ“ Contact us today to arrange a viewing!",Flat,now,6,https://photos2.spareroom.co.uk/images/flatshare/listings/large/96/99/96996893.jpg,"https://photos2.spareroom.co.uk/images/flatshare/listings/large/96/99/96996893.jpg, https://photos2.spareroom.co.uk/images/flatshare/listings/square/96/99/96996888.jpg, https://photos2.spareroom.co.uk/images/flatshare/listings/square/96/99/96996884.jpg, https://photos2.spareroom.co.uk/images/flatshare/listings/square/96/99/96996883.jpg, https://photos2.spareroom.co.uk/images/flatshare/listings/square/96/99/96996886.jpg, https://photos2.spareroom.co.uk/images/flatshare/listings/square/96/99/96996892.jpg",Free tocontact,N/A,"Parking, Garden, Balcony, Bills Included, Furnished",,,No,Now,No,Yes,Yes,No,,,,,,No,Furnished,No,No,2 Males,No,45,12 months,21,6 months,,2025-08-17 14:34:25,2025-08-17 14:34:25,available
24,https://www.spareroom.co.uk/flatshare/london/ealing/17901034?utm_source=copy_link&utm_medium=social_share&utm_campaign=advert_share,Large room moments from West Ealing Station,Ealing,51.5105629,-0.3282172,843,"ğŸ  Large room moments from West Ealing Station

âœ¨ Private garden access, Balcony with views, Parking available, Fully furnished, Bills included, Spacious double bedroom, Shared living room, Garden/patio access

ğŸ‘¥ Medium-sized household, Male-only household

ğŸ’° Â£843 per month

ğŸ’¡ All bills included - no hidden costs

ğŸª‘ Fully furnished and ready to move in

ğŸŒ¿ Garden access for outdoor relaxation

ğŸš— Parking available for convenience

ğŸ¯ Perfect for professionals, students, or anyone looking for a comfortable home in a great location.

ğŸ“ Contact us today to arrange a viewing!",Room,N/A,6,https://photos2.spareroom.co.uk/images/flatshare/listings/large/96/92/96924731.jpg,"https://photos2.spareroom.co.uk/images/flatshare/listings/large/96/92/96924731.jpg, https://photos2.spareroom.co.uk/images/flatshare/listings/square/96/90/96907898.jpg, https://photos2.spareroom.co.uk/images/flatshare/listings/square/96/90/96907900.jpg, https://photos2.spareroom.co.uk/images/flatshare/listings/square/96/90/96907896.jpg, https://photos2.spareroom.co.uk/images/flatshare/listings/square/96/90/96907895.jpg, https://assets.spareroom.co.uk/images/spareroom/v4/search/list/BR_14x11.png",Free tocontact,Built Asset Management Limited,"Parking, Garden, Balcony, Bills Included, Furnished",,,No,31-Aug-25,No,Yes,Yes,No,0,,,,,No,Furnished,No,Yes,4 Males,shared,45,12 months,21,6 months,4,2025-08-17 14:34:25,2025-08-17 14:34:25,available
25,https://www.spareroom.co.uk/flatshare/london/north_acton/17880718?utm_source=copy_link&utm_medium=social_share&utm_campaign=advert_share,North Acton Professional Home,North Acton,51.5263178,-0.2534981,909,"ğŸ  North Acton Professional Home

âœ¨ Private garden access, Balcony with views, Parking available, Fully furnished, Bills included, Spacious double bedroom, Shared living room, Garden/patio access

ğŸ‘¥ Small, friendly household, Mixed gender household

ğŸ“… Available for immediate move-in

ğŸ’° Â£909 per month

ğŸ’¡ All bills included - no hidden costs

ğŸª‘ Fully furnished and ready to move in

ğŸŒ¿ Garden access for outdoor relaxation

ğŸš— Parking available for convenience

ğŸ¯ Perfect for professionals, students, or anyone looking for a comfortable home in a great location.

ğŸ“ Contact us today to arrange a viewing!",Room,now,8,https://photos2.spareroom.co.uk/images/flatshare/listings/large/97/15/97155005.jpg,"https://photos2.spareroom.co.uk/images/flatshare/listings/large/97/15/97155005.jpg, https://photos2.spareroom.co.uk/images/flatshare/listings/square/96/73/96739453.jpg, https://photos2.spareroom.co.uk/images/flatshare/listings/square/96/73/96739460.jpg, https://photos2.spareroom.co.uk/images/flatshare/listings/square/96/73/96739457.jpg, https://photos2.spareroom.co.uk/images/flatshare/listings/square/96/73/96739458.jpg, https://photos2.spareroom.co.uk/images/flatshare/listings/square/96/73/96739461.jpg, https://photos2.spareroom.co.uk/images/flatshare/listings/square/96/73/96739454.jpg, https://photos2.spareroom.co.uk/images/flatshare/listings/square/96/73/96739462.jpg",Free tocontact,Built Asset Management Limited,"Parking, Garden, Balcony, Bills Included, Furnished",,,No,Now,No,Yes,Yes,No,0,,,,,No,Furnished,No,Yes,"1 Female, 2 Males",shared,45,None,21,3 months,3,2025-08-17 14:34:25,2025-08-17 14:34:25,available
27,https://www.spareroom.co.uk/flatshare/london/ealing/17912775?utm_source=copy_link&utm_medium=social_share&utm_campaign=advert_share,Large room moments from the West Ealing Station,Ealing,51.5125955,-0.3225654,925,"ğŸ  Large room moments from the West Ealing Station

âœ¨ Private garden access, Balcony with views, Parking available, Fully furnished, Bills included, Spacious double bedroom, Garden/patio access

ğŸ‘¥ Medium-sized household, Mixed gender household

ğŸ“… Available for immediate move-in

ğŸ’° Â£925 per month

ğŸ’¡ All bills included - no hidden costs

ğŸª‘ Fully furnished and ready to move in

ğŸŒ¿ Garden access for outdoor relaxation

ğŸš— Parking available for convenience

ğŸ¯ Perfect for professionals, students, or anyone looking for a comfortable home in a great location.

ğŸ“ Contact us today to arrange a viewing!",Room,now,8,https://photos2.spareroom.co.uk/images/flatshare/listings/large/97/00/97003333.jpg,"https://photos2.spareroom.co.uk/images/flatshare/listings/large/97/00/97003333.jpg, https://photos2.spareroom.co.uk/images/flatshare/listings/square/97/00/97003334.jpg, https://photos2.spareroom.co.uk/images/flatshare/listings/square/97/00/97003335.jpg, https://photos2.spareroom.co.uk/images/flatshare/listings/square/97/00/97003336.jpg, https://photos2.spareroom.co.uk/images/flatshare/listings/square/97/00/97003338.jpg, https://photos2.spareroom.co.uk/images/flatshare/listings/square/97/00/97003339.jpg, https://photos2.spareroom.co.uk/images/flatshare/listings/square/97/00/97003340.jpg, https://assets.spareroom.co.uk/images/spareroom/v4/search/list/BR_14x11.png",Free tocontact,Built Asset Management Limited,"Parking, Garden, Balcony, Bills Included, Furnished",,,No,Now,No,Yes,Yes,No,0,,,,,No,Furnished,No,Yes,"3 Females, 1 Male",No,45,None,21,2 months,4,2025-08-17 14:34:25,2025-08-17 14:34:25,available
28,https://www.spareroom.co.uk/flatshare/london/ealing/17922407?utm_source=copy_link&utm_medium=social_share&utm_campaign=advert_share,Huge Room moments from the UG at: Northfields,Ealing,51.5057237,-0.3193165,878,"ğŸ  Huge Room moments from the UG at: Northfields

âœ¨ Private garden access, Balcony with views, Parking available, Fully furnished, Bills included, Spacious double bedroom, Shared living room, Garden/patio access

ğŸ‘¥ Medium-sized household, Male-only household

ğŸ“… Available for immediate move-in

ğŸ’° Â£878 per month

ğŸ’¡ All bills included - no hidden costs

ğŸª‘ Fully furnished and ready to move in

ğŸŒ¿ Garden access for outdoor relaxation

ğŸš— Parking available for convenience

ğŸ¯ Perfect for professionals, students, or anyone looking for a comfortable home in a great location.

ğŸ“ Contact us today to arrange a viewing!",Room,now,6,https://photos2.spareroom.co.uk/images/flatshare/listings/large/97/08/97081835.jpg,"https://photos2.spareroom.co.uk/images/flatshare/listings/large/97/08/97081835.jpg, https://photos2.spareroom.co.uk/images/flatshare/listings/square/97/08/97081826.jpg, https://photos2.spareroom.co.uk/images/flatshare/listings/square/97/08/97081830.jpg, https://photos2.spareroom.co.uk/images/flatshare/listings/square/97/08/97081832.jpg, https://photos2.spareroom.co.uk/images/flatshare/listings/square/97/08/97081828.jpg, https://assets.spareroom.co.uk/images/spareroom/v4/search/list/TUBE_14x11.png",Free tocontact,Built Asset Management Limited,"Parking, Garden, Balcony, Bills Included, Furnished",,,No,Now,No,Yes,Yes,No,0,,,,,No,Furnished,No,Yes,4 Males,shared,45,6 months,21,6 months,4,2025-08-17 14:34:25,2025-08-17 14:34:25,available
29,https://www.spareroom.co.uk/flatshare/london/drayton_green/17826111?utm_source=copy_link&utm_medium=social_share&utm_campaign=advert_share,Luxurious house with so much social space!,Drayton Green,51.5207382,-0.3272966,885,"ğŸ  Luxurious house with so much social space!

âœ¨ Private garden access, Balcony with views, Parking available, Fully furnished, Bills included, Spacious double bedroom, Shared living room, Garden/patio access

ğŸ‘¥ Medium-sized household, Mixed gender household

ğŸ“… Available for immediate move-in

ğŸ’° Â£885 per month

ğŸ’¡ All bills included - no hidden costs

ğŸª‘ Fully furnished and ready to move in

ğŸŒ¿ Garden access for outdoor relaxation

ğŸš— Parking available for convenience

ğŸ¯ Perfect for professionals, students, or anyone looking for a comfortable home in a great location.

ğŸ“ Contact us today to arrange a viewing!",Room,now,11,https://photos2.spareroom.co.uk/images/flatshare/listings/large/96/27/96277337.jpg,"https://photos2.spareroom.co.uk/images/flatshare/listings/large/96/27/96277337.jpg, https://photos2.spareroom.co.uk/images/flatshare/listings/square/96/27/96277336.jpg, https://photos2.spareroom.co.uk/images/flatshare/listings/square/96/27/96277333.jpg, https://photos2.spareroom.co.uk/images/flatshare/listings/square/96/27/96277328.jpg, https://photos2.spareroom.co.uk/images/flatshare/listings/square/96/27/96277331.jpg, https://photos2.spareroom.co.uk/images/flatshare/listings/square/96/27/96277332.jpg, https://photos2.spareroom.co.uk/images/flatshare/listings/square/96/27/96277334.jpg, https://photos2.spareroom.co.uk/images/flatshare/listings/square/96/27/96277327.jpg, https://photos2.spareroom.co.uk/images/flatshare/listings/square/96/27/96277335.jpg, https://photos2.spareroom.co.uk/images/flatshare/listings/square/96/27/96277329.jpg, https://photos2.spareroom.co.uk/images/flatshare/listings/square/96/27/96277330.jpg",Free tocontact,Built Asset Management Limited,"Parking, Garden, Balcony, Bills Included, Furnished",,,No,Now,No,Yes,Yes,No,0,,,,,No,Furnished,No,Yes,"1 Female, 3 Males",shared,45,2 months,21,2 months,4,2025-08-17 14:34:25,2025-08-17 14:34:25,available
30,https://www.spareroom.co.uk/flatshare/london/chiswick/17909524?utm_source=copy_link&utm_medium=social_share&utm_campaign=advert_share,Massive room in Chiswick,Chiswick,51.500706,-0.254059,1137,"ğŸ  Massive room in Chiswick

âœ¨ Private garden access, Balcony with views, Parking available, Fully furnished, Bills included, Spacious double bedroom, Shared living room, Garden/patio access

ğŸ‘¥ Medium-sized household, Male-only household

ğŸ’° Â£1,137 per month

ğŸ’¡ All bills included - no hidden costs

ğŸª‘ Fully furnished and ready to move in

ğŸŒ¿ Garden access for outdoor relaxation

ğŸš— Parking available for convenience

ğŸ¯ Perfect for professionals, students, or anyone looking for a comfortable home in a great location.

ğŸ“ Contact us today to arrange a viewing!",Room,N/A,10,https://photos2.spareroom.co.uk/images/flatshare/listings/large/96/97/96977263.jpg,"https://photos2.spareroom.co.uk/images/flatshare/listings/large/96/97/96977263.jpg, https://photos2.spareroom.co.uk/images/flatshare/listings/square/96/97/96977270.jpg, https://photos2.spareroom.co.uk/images/flatshare/listings/square/96/97/96977264.jpg, https://photos2.spareroom.co.uk/images/flatshare/listings/square/96/97/96977265.jpg, https://photos2.spareroom.co.uk/images/flatshare/listings/square/96/97/96977266.jpg, https://photos2.spareroom.co.uk/images/flatshare/listings/square/96/97/96977267.jpg, https://photos2.spareroom.co.uk/images/flatshare/listings/square/96/97/96977262.jpg, https://photos2.spareroom.co.uk/images/flatshare/listings/square/96/97/96977268.jpg, https://photos2.spareroom.co.uk/images/flatshare/listings/square/96/97/96977269.jpg, https://assets.spareroom.co.uk/images/spareroom/v4/search/list/TUBE_14x11.png",Free tocontact,Built Asset Management Limited,"Parking, Garden, Balcony, Bills Included, Furnished",,,No,31-Aug-25,No,Yes,Yes,No,0,,,,,No,Furnished,No,Yes,All Males,shared,45,6 months,21,6 months,6,2025-08-17 14:34:25,2025-08-17 15:08:47,available
31,https://www.spareroom.co.uk/flatshare/london/east_putney/14424955?utm_source=copy_link&utm_medium=social_share&utm_campaign=advert_share,ğŸ”¥ East Putney large Double Room!ğŸ”¥ 1300PCM,East Putney,51.45983112,-0.20151231,1300,"ğŸ  ğŸ”¥ East Putney large Double Room!ğŸ”¥ 1300PCM

âœ¨ Private garden access, Balcony with views, Parking available, Fully furnished, Bills included, Spacious double bedroom, Shared living room, Garden/patio access

ğŸ‘¥ Medium-sized household, Mixed gender household

ğŸ’° Â£1300 per month

ğŸ’¡ All bills included - no hidden costs

ğŸª‘ Fully furnished and ready to move in

ğŸŒ¿ Garden access for outdoor relaxation

ğŸš— Parking available for convenience

ğŸ¯ Perfect for professionals, students, or anyone looking for a comfortable home in a great location.

ğŸ“ Contact us today to arrange a viewing!",Room,N/A,8,https://photos2.spareroom.co.uk/images/flatshare/listings/large/97/15/97159884.jpg,"https://photos2.spareroom.co.uk/images/flatshare/listings/large/97/15/97159884.jpg, https://photos2.spareroom.co.uk/images/flatshare/listings/square/97/15/97159883.jpg, https://photos2.spareroom.co.uk/images/flatshare/listings/square/81/87/81879685.jpg, https://photos2.spareroom.co.uk/images/flatshare/listings/square/70/93/70935565.jpg, https://photos2.spareroom.co.uk/images/flatshare/listings/square/70/93/70935574.jpg, https://photos2.spareroom.co.uk/images/flatshare/listings/square/70/93/70935577.jpg, https://assets.spareroom.co.uk/images/spareroom/v4/search/list/TUBE_14x11.png, https://static.spareroom.co.uk/static/brandedads/610/logo.png",Free tocontact,Capital Living,"Parking, Garden, Balcony, Bills Included, Furnished",,,No,1-Oct-25,No,Yes,Yes,No,0,,,,,No,Furnished,No,Yes,"2 Females, 3 Males",shared,45,None,21,6 months,5,2025-08-17 14:34:25,2025-08-17 14:34:25,available
32,https://www.spareroom.co.uk/flatshare/london/earlsfield/17066411?utm_source=copy_link&utm_medium=social_share&utm_campaign=advert_share,Newly refurbished double rooms - 1021- 1229,Earlsfield,51.4398779,-0.1839634,1021,"ğŸ  Newly refurbished double rooms - 1021- 1229

âœ¨ Parking available, Fully furnished, Bills included, Spacious double bedroom, Shared living room, Garden/patio access

ğŸ‘¥ Medium-sized household, Mixed gender household

ğŸ’° Â£1021 per month

ğŸ’¡ All bills included - no hidden costs

ğŸª‘ Fully furnished and ready to move in

ğŸš— Parking available for convenience

ğŸ¯ Perfect for professionals, students, or anyone looking for a comfortable home in a great location.

ğŸ“ Contact us today to arrange a viewing!",Room,N/A,10,https://photos2.spareroom.co.uk/images/flatshare/listings/large/97/08/97089273.jpg,"https://photos2.spareroom.co.uk/images/flatshare/listings/large/97/08/97089273.jpg, https://photos2.spareroom.co.uk/images/flatshare/listings/square/97/08/97089272.jpg, https://photos2.spareroom.co.uk/images/flatshare/listings/square/97/08/97089280.jpg, https://photos2.spareroom.co.uk/images/flatshare/listings/square/97/08/97089279.jpg, https://photos2.spareroom.co.uk/images/flatshare/listings/square/97/08/97089292.jpg, https://photos2.spareroom.co.uk/images/flatshare/listings/square/90/14/90144129.jpg, https://photos2.spareroom.co.uk/images/flatshare/listings/square/97/08/97089295.jpg, https://photos2.spareroom.co.uk/images/flatshare/listings/square/90/14/90144127.jpg, https://assets.spareroom.co.uk/images/spareroom/v4/search/list/BR_14x11.png, https://static.spareroom.co.uk/static/brandedads/610/logo.png",Free tocontact,Capital Living,"Parking, Bills Included, Furnished",,,No,30-Sep-25,No,Yes,Yes,No,,0,0,,,No,Furnished,No,Yes,"2 Females, 4 Males",shared,45,None,21,6 months,6,2025-08-17 14:34:25,2025-08-17 14:34:25,available
33,https://www.spareroom.co.uk/flatshare/london/chiswick/17917367?utm_source=copy_link&utm_medium=social_share&utm_campaign=advert_share,Large double room in Chiswick for 1211,Chiswick,51.501051,-0.254868,1211,"ğŸ  Large double room in Chiswick for 1211

âœ¨ Private garden access, Balcony with views, Parking available, Fully furnished, Bills included, Spacious double bedroom, Shared living room, Garden/patio access

ğŸ‘¥ Medium-sized household, Mixed gender household

ğŸ’° Â£1211 per month

ğŸ’¡ All bills included - no hidden costs

ğŸª‘ Fully furnished and ready to move in

ğŸŒ¿ Garden access for outdoor relaxation

ğŸš— Parking available for convenience

ğŸ¯ Perfect for professionals, students, or anyone looking for a comfortable home in a great location.

ğŸ“ Contact us today to arrange a viewing!",Room,N/A,9,https://photos2.spareroom.co.uk/images/flatshare/listings/large/97/04/97040863.jpg,"https://photos2.spareroom.co.uk/images/flatshare/listings/large/97/04/97040863.jpg, https://photos2.spareroom.co.uk/images/flatshare/listings/square/97/04/97040865.jpg, https://photos2.spareroom.co.uk/images/flatshare/listings/square/97/04/97040864.jpg, https://photos2.spareroom.co.uk/images/flatshare/listings/square/97/04/97040857.jpg, https://photos2.spareroom.co.uk/images/flatshare/listings/square/97/04/97040861.jpg, https://photos2.spareroom.co.uk/images/flatshare/listings/square/97/04/97040860.jpg, https://photos2.spareroom.co.uk/images/flatshare/listings/square/97/04/97040858.jpg, https://assets.spareroom.co.uk/images/spareroom/v4/search/list/TUBE_14x11.png, https://static.spareroom.co.uk/static/brandedads/610/logo.png",Free tocontact,Capital Living,"Parking, Garden, Balcony, Bills Included, Furnished",,,No,20-Aug-25,No,Yes,Yes,No,0,,,,,No,Furnished,No,Yes,"3 Females, 2 Males",shared,45,None,22,6 months,5,2025-08-17 14:34:25,2025-08-17 14:34:25,available
34,https://www.spareroom.co.uk/flatshare/london/ealing/17927850?utm_source=copy_link&utm_medium=social_share&utm_campaign=advert_share,2 double rooms in Ealing 902 - 931,Ealing,51.5139325,-0.3198501,902,"ğŸ  2 double rooms in Ealing 902 - 931

âœ¨ Parking available, Fully furnished, Bills included, Spacious double bedroom, Shared living room

ğŸ‘¥ Mixed gender household

ğŸ’° Â£902 per month

ğŸ’¡ All bills included - no hidden costs

ğŸª‘ Fully furnished and ready to move in

ğŸš— Parking available for convenience

ğŸ¯ Perfect for professionals, students, or anyone looking for a comfortable home in a great location.

ğŸ“ Contact us today to arrange a viewing!",Room,N/A,7,https://photos2.spareroom.co.uk/images/flatshare/listings/large/97/12/97125530.jpg,"https://photos2.spareroom.co.uk/images/flatshare/listings/large/97/12/97125530.jpg, https://photos2.spareroom.co.uk/images/flatshare/listings/square/97/12/97125531.jpg, https://photos2.spareroom.co.uk/images/flatshare/listings/square/97/12/97125532.jpg, https://photos2.spareroom.co.uk/images/flatshare/listings/square/97/12/97125533.jpg, https://photos2.spareroom.co.uk/images/flatshare/listings/square/97/12/97125534.jpg, https://photos2.spareroom.co.uk/images/flatshare/listings/square/97/12/97125535.jpg, https://assets.spareroom.co.uk/images/spareroom/v4/search/list/BR_14x11.png",Free tocontact,N/A,"Parking, Bills Included, Furnished",,,No,31-Aug-25,No,Yes,Yes,No,,0,0,,,No,Furnished,No,No,"2 Females, 2 Males",shared,45,None,22,6 months,,2025-08-17 14:34:25,2025-08-17 14:34:25,available
35,https://www.spareroom.co.uk/flatshare/london/clapham/17715639?utm_source=copy_link&utm_medium=social_share&utm_campaign=advert_share,Double room in Clapham for 1150,Clapham,51.4680781,-0.1296257,1150,"ğŸ  Double room in Clapham for 1150

âœ¨ Private garden access, Balcony with views, Parking available, Fully furnished, Bills included, Spacious double bedroom, Shared living room, Garden/patio access, Balcony or roof terrace

ğŸ‘¥ Larger household with social atmosphere, Mixed gender household

ğŸ’° Â£1150 per month

ğŸ’¡ All bills included - no hidden costs

ğŸª‘ Fully furnished and ready to move in

ğŸŒ¿ Garden access for outdoor relaxation

ğŸš— Parking available for convenience

ğŸ¯ Perfect for professionals, students, or anyone looking for a comfortable home in a great location.

ğŸ“ Contact us today to arrange a viewing!",Room,N/A,9,https://photos2.spareroom.co.uk/images/flatshare/listings/large/97/13/97130851.jpg,"https://photos2.spareroom.co.uk/images/flatshare/listings/large/97/13/97130851.jpg, https://photos2.spareroom.co.uk/images/flatshare/listings/square/97/13/97130849.jpg, https://photos2.spareroom.co.uk/images/flatshare/listings/square/95/34/95340457.jpg, https://photos2.spareroom.co.uk/images/flatshare/listings/square/95/34/95340453.jpg, https://photos2.spareroom.co.uk/images/flatshare/listings/square/95/34/95340459.jpg, https://photos2.spareroom.co.uk/images/flatshare/listings/square/97/13/97130847.jpg, https://photos2.spareroom.co.uk/images/flatshare/listings/square/97/13/97130848.jpg, https://photos2.spareroom.co.uk/images/flatshare/listings/square/97/13/97130850.jpg, https://assets.spareroom.co.uk/images/spareroom/v4/search/list/TUBE_14x11.png",Free tocontact,N/A,"Parking, Garden, Balcony, Bills Included, Furnished",,,No,1-Oct-25,Yes,Yes,Yes,No,0,,,,,No,Furnished,No,Yes,"1 Female, 6 Males",shared,45,12 months,21,6 months,7,2025-08-17 14:34:25,2025-08-17 14:34:25,available
36,https://www.spareroom.co.uk/flatshare/london/fulham/17907788?utm_source=copy_link&utm_medium=social_share&utm_campaign=advert_share,Cosy Bedroom in Fulham,Fulham,51.480214,-0.200634,900,"ğŸ  Cosy Bedroom in Fulham

âœ¨ Private garden access, Parking available, Fully furnished, Bills included, Spacious double bedroom, Shared living room, Garden/patio access

ğŸ‘¥ Medium-sized household, Mixed gender household

ğŸ“… Available for immediate move-in

ğŸ’° Â£1,306 per month

ğŸ’¡ All bills included - no hidden costs

ğŸª‘ Fully furnished and ready to move in

ğŸŒ¿ Garden access for outdoor relaxation

ğŸš— Parking available for convenience

ğŸ¯ Perfect for professionals, students, or anyone looking for a comfortable home in a great location.

ğŸ“ Contact us today to arrange a viewing!",Room,now,11,https://photos2.spareroom.co.uk/images/flatshare/listings/large/96/96/96963125.jpg,"https://photos2.spareroom.co.uk/images/flatshare/listings/large/96/96/96963125.jpg, https://photos2.spareroom.co.uk/images/flatshare/listings/square/96/96/96963124.jpg, https://photos2.spareroom.co.uk/images/flatshare/listings/square/96/96/96963123.jpg, https://photos2.spareroom.co.uk/images/flatshare/listings/square/96/96/96963170.jpg, https://photos2.spareroom.co.uk/images/flatshare/listings/square/96/96/96963167.jpg, https://photos2.spareroom.co.uk/images/flatshare/listings/square/96/96/96963168.jpg, https://photos2.spareroom.co.uk/images/flatshare/listings/square/96/96/96963172.jpg, https://photos2.spareroom.co.uk/images/flatshare/listings/square/96/96/96963165.jpg, https://photos2.spareroom.co.uk/images/flatshare/listings/square/96/96/96963166.jpg, https://photos2.spareroom.co.uk/images/flatshare/listings/square/96/96/96963169.jpg, https://photos2.spareroom.co.uk/images/flatshare/listings/square/42/60/42603067.jpg",Free tocontact,Built Asset Management Limited,"Parking, Garden, Bills Included, Furnished",,22 to 27,No,31-Aug-25,,Yes,Yes,No,0,,,,,,Furnished,,Yes,"2 Females, 2 Males",shared,45,12 months,21,6 months,4,2025-08-17 14:34:25,2025-08-17 15:15:56,available
37,https://www.spareroom.co.uk/flatshare/london/acton/17891875?utm_source=copy_link&utm_medium=social_share&utm_campaign=advert_share,Lovely Spacious Double Bedroom in Acton W3,Acton,51.504725,-0.254007,1020,"ğŸ  Lovely Spacious Double Bedroom in Acton W3

âœ¨ Private garden access, Balcony with views, Parking available, Fully furnished, Bills included, Spacious double bedroom

ğŸ‘¥ Small, friendly household, Male-only household

ğŸ“… Available for immediate move-in

ğŸ’° Â£1,020 per month

ğŸ’¡ All bills included - no hidden costs

ğŸª‘ Fully furnished and ready to move in

ğŸŒ¿ Garden access for outdoor relaxation

ğŸš— Parking available for convenience

ğŸ¯ Perfect for professionals, students, or anyone looking for a comfortable home in a great location.

ğŸ“ Contact us today to arrange a viewing!",Room,now,8,https://photos2.spareroom.co.uk/images/flatshare/listings/large/96/83/96832218.jpg,"https://photos2.spareroom.co.uk/images/flatshare/listings/large/96/83/96832218.jpg, https://photos2.spareroom.co.uk/images/flatshare/listings/square/96/83/96832219.jpg, https://photos2.spareroom.co.uk/images/flatshare/listings/square/96/83/96832215.jpg, https://photos2.spareroom.co.uk/images/flatshare/listings/square/96/83/96832214.jpg, https://photos2.spareroom.co.uk/images/flatshare/listings/square/96/83/96832217.jpg, https://photos2.spareroom.co.uk/images/flatshare/listings/square/42/60/42603067.jpg, https://assets.spareroom.co.uk/images/spareroom/v4/search/list/LDNOG_14x11.png, https://assets.spareroom.co.uk/images/spareroom/v4/search/list/BR_14x11.png",Free tocontact,Built Asset Management Limited,"Parking, Garden, Balcony, Bills Included, Furnished",,20 to 39,No,Now,No,Yes,Yes,No,0,,,,,No,Furnished,No,No,3 Males,No,45,None,21,3 months,3,2025-08-17 14:34:25,2025-08-17 15:17:37,available
38,https://www.spareroom.co.uk/flatshare/london/balham/17924636?utm_source=copy_link&utm_medium=social_share&utm_campaign=advert_share,Three Spacious Double Rooms in Lovely Balham SW12,Balham,51.440532,-0.162565,1275,"ğŸ  Three Spacious Double Rooms in Lovely Balham SW12

âœ¨ Private garden access, Balcony with views, Parking available, Fully furnished, Bills included, Spacious double bedroom, Shared living room, Garden/patio access

ğŸ‘¥ Small, friendly household, Male-only household

ğŸ“… Available for immediate move-in

ğŸ’° Â£1,350 per month

ğŸ’¡ All bills included - no hidden costs

ğŸª‘ Fully furnished and ready to move in

ğŸŒ¿ Garden access for outdoor relaxation

ğŸš— Parking available for convenience

ğŸ¯ Perfect for professionals, students, or anyone looking for a comfortable home in a great location.

ğŸ“ Contact us today to arrange a viewing!",Room,now,12,https://photos2.spareroom.co.uk/images/flatshare/listings/large/97/12/97129502.jpg,"https://photos2.spareroom.co.uk/images/flatshare/listings/large/97/12/97129502.jpg, https://photos2.spareroom.co.uk/images/flatshare/listings/square/97/10/97100155.jpg, https://photos2.spareroom.co.uk/images/flatshare/listings/square/97/10/97100153.jpg, https://photos2.spareroom.co.uk/images/flatshare/listings/square/97/10/97100167.jpg, https://photos2.spareroom.co.uk/images/flatshare/listings/square/97/10/97100163.jpg, https://photos2.spareroom.co.uk/images/flatshare/listings/square/97/10/97100168.jpg, https://photos2.spareroom.co.uk/images/flatshare/listings/square/97/10/97100169.jpg, https://photos2.spareroom.co.uk/images/flatshare/listings/square/97/10/97100170.jpg, https://photos2.spareroom.co.uk/images/flatshare/listings/square/97/10/97100152.jpg, https://photos2.spareroom.co.uk/images/flatshare/listings/square/97/10/97100164.jpg, https://photos2.spareroom.co.uk/images/flatshare/listings/square/97/10/97100165.jpg, https://photos2.spareroom.co.uk/images/flatshare/listings/square/42/60/42603067.jpg",Free tocontact,Built Asset Management Limited,"Parking, Garden, Balcony, Bills Included, Furnished",,26 to 33,No,12-Sep-25,No,Yes,Yes,No,0,,,,,No,Furnished,No,Yes,3 Males,shared,45,12 months,21,6 months,3,2025-08-17 14:34:25,2025-08-17 15:19:51,available
39,https://www.spareroom.co.uk/flatshare/london/ealing/17924540?utm_source=copy_link&utm_medium=social_share&utm_campaign=advert_share,Double Bedroom in Lovely Modern Home W7,Ealing,51.5080308,-0.3278488,900,"ğŸ  Double Bedroom in Lovely Modern Home W7

âœ¨ Private garden access, Balcony with views, Parking available, Fully furnished, Bills included, Spacious double bedroom, Shared living room, Garden/patio access

ğŸ‘¥ Medium-sized household, Mixed gender household

ğŸ“… Available for immediate move-in

ğŸ’° Â£900 per month

ğŸ’¡ All bills included - no hidden costs

ğŸª‘ Fully furnished and ready to move in

ğŸŒ¿ Garden access for outdoor relaxation

ğŸš— Parking available for convenience

ğŸ¯ Perfect for professionals, students, or anyone looking for a comfortable home in a great location.

ğŸ“ Contact us today to arrange a viewing!",Room,now,12,https://photos2.spareroom.co.uk/images/flatshare/listings/large/97/09/97099490.jpg,"https://photos2.spareroom.co.uk/images/flatshare/listings/large/97/09/97099490.jpg, https://photos2.spareroom.co.uk/images/flatshare/listings/square/97/09/97099479.jpg, https://photos2.spareroom.co.uk/images/flatshare/listings/square/97/09/97099486.jpg, https://photos2.spareroom.co.uk/images/flatshare/listings/square/97/09/97099480.jpg, https://photos2.spareroom.co.uk/images/flatshare/listings/square/97/09/97099484.jpg, https://photos2.spareroom.co.uk/images/flatshare/listings/square/97/09/97099487.jpg, https://photos2.spareroom.co.uk/images/flatshare/listings/square/97/09/97099481.jpg, https://photos2.spareroom.co.uk/images/flatshare/listings/square/97/09/97099489.jpg, https://photos2.spareroom.co.uk/images/flatshare/listings/square/97/09/97099482.jpg, https://photos2.spareroom.co.uk/images/flatshare/listings/square/97/09/97099488.jpg, https://photos2.spareroom.co.uk/images/flatshare/listings/square/97/09/97099483.jpg, https://assets.spareroom.co.uk/images/spareroom/v4/search/list/BR_14x11.png",Free tocontact,N/A,"Parking, Garden, Balcony, Bills Included, Furnished",,,No,Now,No,Yes,Yes,No,0,,,,,No,Furnished,No,Yes,"3 Females, 2 Males",shared,45,12 months,21,6 months,5,2025-08-17 14:34:25,2025-08-17 14:34:25,available
40,https://www.spareroom.co.uk/flatshare/london/fulham/17928140?utm_source=copy_link&utm_medium=social_share&utm_campaign=advert_share,Cosy Bedroom in Lovely Fulham Home SW6,Fulham,51.475957,-0.209802,1075,"ğŸ  Cosy Bedroom in Lovely Fulham Home SW6

âœ¨ Private garden access, Balcony with views, Parking available, Fully furnished, Bills included, Spacious double bedroom, Shared living room, Garden/patio access

ğŸ‘¥ Medium-sized household, Mixed gender household

ğŸ’° Â£1,075 per month

ğŸ’¡ All bills included - no hidden costs

ğŸª‘ Fully furnished and ready to move in

ğŸŒ¿ Garden access for outdoor relaxation

ğŸš— Parking available for convenience

ğŸ¯ Perfect for professionals, students, or anyone looking for a comfortable home in a great location.

ğŸ“ Contact us today to arrange a viewing!",Room,N/A,10,https://photos2.spareroom.co.uk/images/flatshare/listings/large/97/12/97127968.jpg,"https://photos2.spareroom.co.uk/images/flatshare/listings/large/97/12/97127968.jpg, https://photos2.spareroom.co.uk/images/flatshare/listings/square/97/12/97127967.jpg, https://photos2.spareroom.co.uk/images/flatshare/listings/square/97/12/97127965.jpg, https://photos2.spareroom.co.uk/images/flatshare/listings/square/97/12/97127966.jpg, https://photos2.spareroom.co.uk/images/flatshare/listings/square/97/12/97127961.jpg, https://photos2.spareroom.co.uk/images/flatshare/listings/square/97/12/97127964.jpg, https://photos2.spareroom.co.uk/images/flatshare/listings/square/97/12/97127962.jpg, https://photos2.spareroom.co.uk/images/flatshare/listings/square/97/12/97127963.jpg, https://photos2.spareroom.co.uk/images/flatshare/listings/square/42/60/42603067.jpg, https://assets.spareroom.co.uk/images/spareroom/v4/search/list/TUBE_14x11.png",Free tocontact,Built Asset Management Limited,"Parking, Garden, Balcony, Bills Included, Furnished",,21 to 32,No,13-Sep-25,No,Yes,Yes,No,0,,,,,No,Furnished,No,Yes,"1 Female, 3 Males",shared,45,12 months,21,6 months,4,2025-08-17 14:34:25,2025-08-17 15:18:44,available
41,https://www.spareroom.co.uk/flatshare/london/northfields/17922665?utm_source=copy_link&utm_medium=social_share&utm_campaign=advert_share,Spacious Double Bedroom in Northfields W13,Northfields,51.5055879,-0.3192494,878,"ğŸ  Spacious Double Bedroom in Northfields W13

âœ¨ Private garden access, Balcony with views, Parking available, Fully furnished, Bills included, Spacious double bedroom, Garden/patio access

ğŸ‘¥ Medium-sized household, Mixed gender household

ğŸ’° Â£878 per month

ğŸ’¡ All bills included - no hidden costs

ğŸª‘ Fully furnished and ready to move in

ğŸŒ¿ Garden access for outdoor relaxation

ğŸš— Parking available for convenience

ğŸ¯ Perfect for professionals, students, or anyone looking for a comfortable home in a great location.

ğŸ“ Contact us today to arrange a viewing!",Room,N/A,10,https://photos2.spareroom.co.uk/images/flatshare/listings/large/97/08/97084015.jpg,"https://photos2.spareroom.co.uk/images/flatshare/listings/large/97/08/97084015.jpg, https://photos2.spareroom.co.uk/images/flatshare/listings/square/97/08/97084016.jpg, https://photos2.spareroom.co.uk/images/flatshare/listings/square/97/08/97084017.jpg, https://photos2.spareroom.co.uk/images/flatshare/listings/square/97/08/97084010.jpg, https://photos2.spareroom.co.uk/images/flatshare/listings/square/97/08/97084012.jpg, https://photos2.spareroom.co.uk/images/flatshare/listings/square/97/08/97084013.jpg, https://photos2.spareroom.co.uk/images/flatshare/listings/square/97/08/97084011.jpg, https://photos2.spareroom.co.uk/images/flatshare/listings/square/97/08/97084014.jpg, https://photos2.spareroom.co.uk/images/flatshare/listings/square/42/60/42603067.jpg, https://assets.spareroom.co.uk/images/spareroom/v4/search/list/TUBE_14x11.png",Free tocontact,Built Asset Management Limited,"Parking, Garden, Balcony, Bills Included, Furnished",,,No,14-Sep-25,No,Yes,Yes,No,0,,,,,No,Furnished,No,Yes,"2 Females, 2 Males",No,45,6 months,21,6 months,4,2025-08-17 14:34:25,2025-08-17 14:34:25,available
42,https://www.spareroom.co.uk/flatshare/london/chiswick/17928088?utm_source=copy_link&utm_medium=social_share&utm_campaign=advert_share,Lovely Large Bedroom in Chiswick Home W4,Chiswick,51.50049,-0.254053,1137,"ğŸ  Lovely Large Bedroom in Chiswick Home W4

âœ¨ Private garden access, Parking available, Fully furnished, Bills included, Spacious double bedroom, Shared living room, Garden/patio access

ğŸ‘¥ Medium-sized household, Male-only household

ğŸ“… Available for immediate move-in

ğŸ’° Â£1,137 per month

ğŸ’¡ All bills included - no hidden costs

ğŸª‘ Fully furnished and ready to move in

ğŸŒ¿ Garden access for outdoor relaxation

ğŸš— Parking available for convenience

ğŸ¯ Perfect for professionals, students, or anyone looking for a comfortable home in a great location.

ğŸ“ Contact us today to arrange a viewing!",Room,now,10,https://photos2.spareroom.co.uk/images/flatshare/listings/large/97/12/97127574.jpg,"https://photos2.spareroom.co.uk/images/flatshare/listings/large/97/12/97127574.jpg, https://photos2.spareroom.co.uk/images/flatshare/listings/square/97/12/97127586.jpg, https://photos2.spareroom.co.uk/images/flatshare/listings/square/97/12/97127582.jpg, https://photos2.spareroom.co.uk/images/flatshare/listings/square/97/12/97127587.jpg, https://photos2.spareroom.co.uk/images/flatshare/listings/square/97/12/97127588.jpg, https://photos2.spareroom.co.uk/images/flatshare/listings/square/97/12/97127590.jpg, https://photos2.spareroom.co.uk/images/flatshare/listings/square/97/12/97127573.jpg, https://photos2.spareroom.co.uk/images/flatshare/listings/square/97/12/97127589.jpg, https://photos2.spareroom.co.uk/images/flatshare/listings/square/97/12/97127591.jpg, https://photos2.spareroom.co.uk/images/flatshare/listings/square/42/60/42603067.jpg",Free tocontact,Built Asset Management Limited,"Parking, Garden, Bills Included, Furnished",,20 to 31,No,31-Aug-25,,Yes,Yes,No,0,,,,,,Furnished,,Yes,4 Males,shared,45,12 months,21,6 months,4,2025-08-17 14:34:25,2025-08-17 15:20:45,available
44,https://www.spareroom.co.uk/flatshare/london/clapham/17929934?utm_source=copy_link&utm_medium=social_share&utm_campaign=advert_share,Lovely Spacious First Floor Bedroom in Clapham SW4,Clapham,51.454232,-0.145131,1356,"ğŸ  Lovely Spacious First Floor Bedroom in Clapham SW4

âœ¨ Private garden access, Balcony with views, Parking available, Fully furnished, Bills included, Spacious double bedroom, Shared living room, Garden/patio access

ğŸ‘¥ Medium-sized household, Mixed gender household

ğŸ’° Â£1,356 per month

ğŸ’¡ All bills included - no hidden costs

ğŸª‘ Fully furnished and ready to move in

ğŸŒ¿ Garden access for outdoor relaxation

ğŸš— Parking available for convenience

ğŸ¯ Perfect for professionals, students, or anyone looking for a comfortable home in a great location.

ğŸ“ Contact us today to arrange a viewing!",Room,N/A,14,https://photos2.spareroom.co.uk/images/flatshare/listings/large/97/14/97143088.jpg,"https://photos2.spareroom.co.uk/images/flatshare/listings/large/97/14/97143088.jpg, https://photos2.spareroom.co.uk/images/flatshare/listings/square/97/14/97143012.jpg, https://photos2.spareroom.co.uk/images/flatshare/listings/square/97/14/97143013.jpg, https://photos2.spareroom.co.uk/images/flatshare/listings/square/97/14/97143021.jpg, https://photos2.spareroom.co.uk/images/flatshare/listings/square/97/14/97143089.jpg, https://photos2.spareroom.co.uk/images/flatshare/listings/square/97/14/97143090.jpg, https://photos2.spareroom.co.uk/images/flatshare/listings/square/97/14/97143015.jpg, https://photos2.spareroom.co.uk/images/flatshare/listings/square/97/14/97143017.jpg, https://photos2.spareroom.co.uk/images/flatshare/listings/square/97/14/97143016.jpg, https://photos2.spareroom.co.uk/images/flatshare/listings/square/97/14/97143018.jpg, https://photos2.spareroom.co.uk/images/flatshare/listings/square/97/14/97143019.jpg, https://photos2.spareroom.co.uk/images/flatshare/listings/square/97/14/97143014.jpg, https://photos2.spareroom.co.uk/images/flatshare/listings/square/42/60/42603067.jpg, https://assets.spareroom.co.uk/images/spareroom/v4/search/list/TUBE_14x11.png",Free tocontact,Built Asset Management Limited,"Parking, Garden, Balcony, Bills Included, Furnished",,22 to 34,No,30-Sep-25,No,Yes,Yes,No,0,,,,,No,Furnished,No,Yes,"2 Females, 3 Males",shared,45,12 months,21,6 months,5,2025-08-17 14:34:25,2025-08-17 15:21:49,available
